panel,instance,family,configuration,n,menu_size,gamma,threshold_count,breakpoints_per_group,clique_iterations_per_bound,adaptive_speedup,compressed_theta_fraction,clique_theta_fraction
Primary,dense_frontier_n360_m6_g18_s11,dense_frontier,primary,360,6,18,26,0.07222222222222222,783.125,1.5166905585763262,0.46153846153846156,0.46153846153846156
Primary,dense_frontier_n360_m6_g18_s12,dense_frontier,primary,360,6,18,26,0.07222222222222222,786.5,1.5462169587003542,0.46153846153846156,0.46153846153846156
Primary,dense_frontier_n360_m6_g18_s13,dense_frontier,primary,360,6,18,26,0.07222222222222222,777.375,1.530763193877553,0.46153846153846156,0.46153846153846156
Primary,dense_frontier_n360_m6_g18_s14,dense_frontier,primary,360,6,18,26,0.07222222222222222,797.375,1.5015953449738302,0.46153846153846156,0.46153846153846156
Primary,dense_frontier_n360_m6_g18_s15,dense_frontier,primary,360,6,18,26,0.07222222222222222,810.875,1.5211017774672069,0.46153846153846156,0.46153846153846156
Primary,dense_frontier_n720_m6_g26_s11,dense_frontier,primary,720,6,26,26,0.03611111111111111,1628.5,1.8588540371398266,0.46153846153846156,0.46153846153846156
Primary,dense_frontier_n720_m6_g26_s12,dense_frontier,primary,720,6,26,26,0.03611111111111111,1657.7142857142858,3.851082655344786,0.11538461538461539,0.46153846153846156
Primary,dense_frontier_n720_m6_g26_s13,dense_frontier,primary,720,6,26,26,0.03611111111111111,1644.5,4.2592384918163715,0.11538461538461539,0.46153846153846156
Primary,dense_frontier_n720_m6_g26_s14,dense_frontier,primary,720,6,26,26,0.03611111111111111,1630.375,4.342030401041874,0.11538461538461539,0.46153846153846156
Primary,dense_frontier_n720_m6_g26_s15,dense_frontier,primary,720,6,26,26,0.03611111111111111,1654.625,4.345744649818534,0.11538461538461539,0.46153846153846156
Primary,dense_frontier_n1440_m6_g37_s11,dense_frontier,primary,1440,6,37,26,0.018055555555555554,3319.285714285714,4.503486497783032,0.11538461538461539,0.46153846153846156
Primary,dense_frontier_n1440_m6_g37_s12,dense_frontier,primary,1440,6,37,26,0.018055555555555554,3312.1428571428573,4.69110061284203,0.11538461538461539,0.46153846153846156
Primary,dense_frontier_n1440_m6_g37_s13,dense_frontier,primary,1440,6,37,26,0.018055555555555554,3334.714285714286,4.644718821975024,0.11538461538461539,0.46153846153846156
Primary,dense_frontier_n1440_m6_g37_s14,dense_frontier,primary,1440,6,37,26,0.018055555555555554,3331.8571428571427,4.619403869158178,0.11538461538461539,0.46153846153846156
Primary,dense_frontier_n1440_m6_g37_s15,dense_frontier,primary,1440,6,37,26,0.018055555555555554,3367.8571428571427,4.633096913077819,0.11538461538461539,0.46153846153846156
Primary,correlated_risk_n360_m6_g18_s11,correlated_risk,primary,360,6,18,26,0.07222222222222222,898.1,2.172292753555046,0.46153846153846156,0.5
Primary,correlated_risk_n360_m6_g18_s12,correlated_risk,primary,360,6,18,26,0.07222222222222222,947.875,1.929093670235467,0.46153846153846156,0.46153846153846156
Primary,correlated_risk_n360_m6_g18_s13,correlated_risk,primary,360,6,18,26,0.07222222222222222,889.9,2.1250864475750277,0.46153846153846156,0.5
Primary,correlated_risk_n360_m6_g18_s14,correlated_risk,primary,360,6,18,25,0.06944444444444445,904.75,1.695675435817584,0.48,0.48
Primary,correlated_risk_n360_m6_g18_s15,correlated_risk,primary,360,6,18,26,0.07222222222222222,929.375,1.8782342341953375,0.46153846153846156,0.46153846153846156
Primary,correlated_risk_n720_m6_g26_s11,correlated_risk,primary,720,6,26,26,0.03611111111111111,1697.875,2.519938139907828,0.46153846153846156,0.46153846153846156
Primary,correlated_risk_n720_m6_g26_s12,correlated_risk,primary,720,6,26,26,0.03611111111111111,1796.875,2.771822361899018,0.46153846153846156,0.46153846153846156
Primary,correlated_risk_n720_m6_g26_s13,correlated_risk,primary,720,6,26,26,0.03611111111111111,1822.0,2.8593147847660156,0.46153846153846156,0.46153846153846156
Primary,correlated_risk_n720_m6_g26_s14,correlated_risk,primary,720,6,26,26,0.03611111111111111,1771.625,2.6689921240665884,0.46153846153846156,0.46153846153846156
Primary,correlated_risk_n720_m6_g26_s15,correlated_risk,primary,720,6,26,26,0.03611111111111111,1798.375,2.3721727766525835,0.46153846153846156,0.46153846153846156
Primary,correlated_risk_n1440_m6_g37_s11,correlated_risk,primary,1440,6,37,26,0.018055555555555554,3515.5,3.204803995662713,0.46153846153846156,0.46153846153846156
Primary,correlated_risk_n1440_m6_g37_s12,correlated_risk,primary,1440,6,37,26,0.018055555555555554,3554.0,5.521832425292905,0.23076923076923078,0.46153846153846156
Primary,correlated_risk_n1440_m6_g37_s13,correlated_risk,primary,1440,6,37,26,0.018055555555555554,3353.375,3.3600566544436035,0.46153846153846156,0.46153846153846156
Primary,correlated_risk_n1440_m6_g37_s14,correlated_risk,primary,1440,6,37,26,0.018055555555555554,3715.75,5.935127808805456,0.23076923076923078,0.46153846153846156
Primary,correlated_risk_n1440_m6_g37_s15,correlated_risk,primary,1440,6,37,26,0.018055555555555554,3409.0,2.8938485248384844,0.46153846153846156,0.46153846153846156
Primary,near_tie_n360_m6_g18_s11,near_tie,primary,360,6,18,26,0.07222222222222222,806.625,1.6498634913041164,0.46153846153846156,0.46153846153846156
Primary,near_tie_n360_m6_g18_s12,near_tie,primary,360,6,18,26,0.07222222222222222,740.125,1.5652925547741494,0.46153846153846156,0.46153846153846156
Primary,near_tie_n360_m6_g18_s13,near_tie,primary,360,6,18,26,0.07222222222222222,749.2857142857143,3.0484035164008128,0.11538461538461539,0.46153846153846156
Primary,near_tie_n360_m6_g18_s14,near_tie,primary,360,6,18,26,0.07222222222222222,754.8571428571429,1.7094495599357182,0.34615384615384615,0.46153846153846156
Primary,near_tie_n360_m6_g18_s15,near_tie,primary,360,6,18,26,0.07222222222222222,780.0,1.4459875373190758,0.46153846153846156,0.46153846153846156
Primary,near_tie_n720_m6_g26_s11,near_tie,primary,720,6,26,26,0.03611111111111111,1505.875,1.975278793865434,0.46153846153846156,0.46153846153846156
Primary,near_tie_n720_m6_g26_s12,near_tie,primary,720,6,26,26,0.03611111111111111,1492.375,1.9435410523136654,0.46153846153846156,0.46153846153846156
Primary,near_tie_n720_m6_g26_s13,near_tie,primary,720,6,26,26,0.03611111111111111,1481.0,2.7316938847259538,0.11538461538461539,0.34615384615384615
Primary,near_tie_n720_m6_g26_s14,near_tie,primary,720,6,26,26,0.03611111111111111,1528.7142857142858,1.7461925184470077,0.46153846153846156,0.46153846153846156
Primary,near_tie_n720_m6_g26_s15,near_tie,primary,720,6,26,26,0.03611111111111111,1518.0,1.9472425743909696,0.46153846153846156,0.46153846153846156
Primary,near_tie_n1440_m6_g37_s11,near_tie,primary,1440,6,37,26,0.018055555555555554,2929.625,2.306827155769797,0.46153846153846156,0.46153846153846156
Primary,near_tie_n1440_m6_g37_s12,near_tie,primary,1440,6,37,26,0.018055555555555554,3089.0,3.399471543097385,0.11538461538461539,0.34615384615384615
Primary,near_tie_n1440_m6_g37_s13,near_tie,primary,1440,6,37,26,0.018055555555555554,3094.6,3.255609148699363,0.11538461538461539,0.34615384615384615
Primary,near_tie_n1440_m6_g37_s14,near_tie,primary,1440,6,37,26,0.018055555555555554,3018.1428571428573,2.124081474420338,0.46153846153846156,0.46153846153846156
Primary,near_tie_n1440_m6_g37_s15,near_tie,primary,1440,6,37,26,0.018055555555555554,2972.5,2.331850694769022,0.46153846153846156,0.46153846153846156
Primary,many_breakpoints_n360_m6_g18_s11,many_breakpoints,primary,360,6,18,1801,5.002777777777778,796.4,1.5299828403026288,0.013325930038867296,0.013325930038867296
Primary,many_breakpoints_n360_m6_g18_s12,many_breakpoints,primary,360,6,18,1801,5.002777777777778,792.3333333333334,1.5159579529886649,0.013325930038867296,0.013325930038867296
Primary,many_breakpoints_n360_m6_g18_s13,many_breakpoints,primary,360,6,18,1801,5.002777777777778,799.2,1.5452028057861293,0.013325930038867296,0.013325930038867296
Primary,many_breakpoints_n360_m6_g18_s14,many_breakpoints,primary,360,6,18,1801,5.002777777777778,783.9333333333333,1.4889136114525534,0.013325930038867296,0.013325930038867296
Primary,many_breakpoints_n360_m6_g18_s15,many_breakpoints,primary,360,6,18,1801,5.002777777777778,776.0,1.539437030772722,0.013325930038867296,0.013325930038867296
Primary,many_breakpoints_n720_m6_g26_s11,many_breakpoints,primary,720,6,26,3601,5.001388888888889,1536.8666666666666,1.740194094179371,0.006664815329075257,0.006664815329075257
Primary,many_breakpoints_n720_m6_g26_s12,many_breakpoints,primary,720,6,26,3601,5.001388888888889,1545.2666666666667,1.7579388760721608,0.006664815329075257,0.006664815329075257
Primary,many_breakpoints_n720_m6_g26_s13,many_breakpoints,primary,720,6,26,3601,5.001388888888889,1573.8,1.8170830845631363,0.006664815329075257,0.006664815329075257
Primary,many_breakpoints_n720_m6_g26_s14,many_breakpoints,primary,720,6,26,3601,5.001388888888889,1568.5333333333333,1.8001387555322066,0.006664815329075257,0.006664815329075257
Primary,many_breakpoints_n720_m6_g26_s15,many_breakpoints,primary,720,6,26,3601,5.001388888888889,1564.4,1.7665739912178977,0.006664815329075257,0.006664815329075257
Primary,many_breakpoints_n1440_m6_g37_s11,many_breakpoints,primary,1440,6,37,7201,5.000694444444444,3332.1176470588234,2.2354033616398574,0.003749479238994584,0.003749479238994584
Primary,many_breakpoints_n1440_m6_g37_s12,many_breakpoints,primary,1440,6,37,7201,5.000694444444444,3403.0,2.3169525324554705,0.003749479238994584,0.003749479238994584
Primary,many_breakpoints_n1440_m6_g37_s13,many_breakpoints,primary,1440,6,37,7201,5.000694444444444,3376.0,2.239703083888476,0.003749479238994584,0.003749479238994584
Primary,many_breakpoints_n1440_m6_g37_s14,many_breakpoints,primary,1440,6,37,7201,5.000694444444444,3328.0,2.259590356048067,0.003749479238994584,0.003749479238994584
Primary,many_breakpoints_n1440_m6_g37_s15,many_breakpoints,primary,1440,6,37,7201,5.000694444444444,3387.470588235294,2.3332864622703076,0.003749479238994584,0.003749479238994584
Robustness,dense_frontier_n720_m6_g1_s31,dense_frontier,sparse_budget,720,6,1,26,0.03611111111111111,2109.0,0.9138649933799396,0.11538461538461539,0.11538461538461539
Robustness,dense_frontier_n720_m6_g1_s32,dense_frontier,sparse_budget,720,6,1,26,0.03611111111111111,2021.0,0.8885648064040371,0.11538461538461539,0.11538461538461539
Robustness,dense_frontier_n720_m6_g1_s33,dense_frontier,sparse_budget,720,6,1,26,0.03611111111111111,2010.0,0.877097242034873,0.11538461538461539,0.11538461538461539
Robustness,correlated_risk_n720_m6_g1_s31,correlated_risk,sparse_budget,720,6,1,26,0.03611111111111111,1451.4285714285713,3.3637651562304933,0.11538461538461539,0.46153846153846156
Robustness,correlated_risk_n720_m6_g1_s32,correlated_risk,sparse_budget,720,6,1,26,0.03611111111111111,1334.0,1.571382630299364,0.46153846153846156,0.46153846153846156
Robustness,correlated_risk_n720_m6_g1_s33,correlated_risk,sparse_budget,720,6,1,26,0.03611111111111111,1439.2857142857142,1.6375041022769727,0.46153846153846156,0.46153846153846156
Robustness,near_tie_n720_m6_g1_s31,near_tie,sparse_budget,720,6,1,26,0.03611111111111111,1616.0,0.827676686397707,0.11538461538461539,0.11538461538461539
Robustness,near_tie_n720_m6_g1_s32,near_tie,sparse_budget,720,6,1,26,0.03611111111111111,1366.0,0.7713488453591342,0.11538461538461539,0.11538461538461539
Robustness,near_tie_n720_m6_g1_s33,near_tie,sparse_budget,720,6,1,26,0.03611111111111111,1409.0,0.769983098281447,0.11538461538461539,0.11538461538461539
Robustness,many_breakpoints_n720_m6_g1_s31,many_breakpoints,sparse_budget,720,6,1,3601,5.001388888888889,1650.4,1.9643695563672183,0.0008331019161344071,0.002499305748403221
Robustness,many_breakpoints_n720_m6_g1_s32,many_breakpoints,sparse_budget,720,6,1,3601,5.001388888888889,1611.4,1.8645846811651214,0.0008331019161344071,0.002499305748403221
Robustness,many_breakpoints_n720_m6_g1_s33,many_breakpoints,sparse_budget,720,6,1,3601,5.001388888888889,1615.8,1.959044857849465,0.0008331019161344071,0.002499305748403221
Robustness,dense_frontier_n720_m12_g26_s31,dense_frontier,wide_menu,720,12,26,26,0.03611111111111111,2372.875,5.124876821670919,0.11538461538461539,0.46153846153846156
Robustness,dense_frontier_n720_m12_g26_s32,dense_frontier,wide_menu,720,12,26,26,0.03611111111111111,2340.375,5.103134090006999,0.11538461538461539,0.46153846153846156
Robustness,dense_frontier_n720_m12_g26_s33,dense_frontier,wide_menu,720,12,26,26,0.03611111111111111,2402.875,2.383889413800175,0.46153846153846156,0.46153846153846156
Robustness,correlated_risk_n720_m12_g26_s31,correlated_risk,wide_menu,720,12,26,26,0.03611111111111111,1810.3333333333333,2.2382109727407844,0.5,0.5
Robustness,correlated_risk_n720_m12_g26_s32,correlated_risk,wide_menu,720,12,26,26,0.03611111111111111,1766.4444444444443,2.3936945208659,0.46153846153846156,0.5
Robustness,correlated_risk_n720_m12_g26_s33,correlated_risk,wide_menu,720,12,26,26,0.03611111111111111,1790.5555555555557,2.283829390096702,0.5,0.5
Robustness,near_tie_n720_m12_g26_s31,near_tie,wide_menu,720,12,26,26,0.03611111111111111,1626.625,2.1172889574184257,0.46153846153846156,0.46153846153846156
Robustness,near_tie_n720_m12_g26_s32,near_tie,wide_menu,720,12,26,26,0.03611111111111111,1692.625,2.2102888194732313,0.46153846153846156,0.46153846153846156
Robustness,near_tie_n720_m12_g26_s33,near_tie,wide_menu,720,12,26,26,0.03611111111111111,1760.857142857143,4.359814934894177,0.11538461538461539,0.46153846153846156
Robustness,many_breakpoints_n720_m12_g26_s31,many_breakpoints,wide_menu,720,12,26,7921,11.001388888888888,2423.0,1.8072404246420422,0.00340866052266128,0.00340866052266128
Robustness,many_breakpoints_n720_m12_g26_s32,many_breakpoints,wide_menu,720,12,26,7921,11.001388888888888,2393.0,1.7390146221260734,0.00340866052266128,0.00340866052266128
Robustness,many_breakpoints_n720_m12_g26_s33,many_breakpoints,wide_menu,720,12,26,7921,11.001388888888888,2508.9411764705883,1.8920201846303444,0.00340866052266128,0.00340866052266128
Robustness,dense_frontier_n720_m6_g144_s31,dense_frontier,large_budget,720,6,144,26,0.03611111111111111,2166.8,1.8943527949328351,0.34615384615384615,0.34615384615384615
Robustness,dense_frontier_n720_m6_g144_s32,dense_frontier,large_budget,720,6,144,26,0.03611111111111111,2181.0,1.8707286181370872,0.34615384615384615,0.34615384615384615
Robustness,dense_frontier_n720_m6_g144_s33,dense_frontier,large_budget,720,6,144,26,0.03611111111111111,2157.6,1.8370239545202318,0.34615384615384615,0.34615384615384615
Robustness,correlated_risk_n720_m6_g144_s31,correlated_risk,large_budget,720,6,144,26,0.03611111111111111,2703.625,3.5400295808031883,0.46153846153846156,0.46153846153846156
Robustness,correlated_risk_n720_m6_g144_s32,correlated_risk,large_budget,720,6,144,26,0.03611111111111111,2951.0,3.6461425583346623,0.46153846153846156,0.46153846153846156
Robustness,correlated_risk_n720_m6_g144_s33,correlated_risk,large_budget,720,6,144,26,0.03611111111111111,2747.0,3.5161518694281186,0.46153846153846156,0.46153846153846156
Robustness,near_tie_n720_m6_g144_s31,near_tie,large_budget,720,6,144,26,0.03611111111111111,1934.090909090909,4.754361359742097,0.23076923076923078,0.6923076923076923
Robustness,near_tie_n720_m6_g144_s32,near_tie,large_budget,720,6,144,26,0.03611111111111111,2125.5714285714284,2.8124702579106864,0.34615384615384615,0.46153846153846156
Robustness,near_tie_n720_m6_g144_s33,near_tie,large_budget,720,6,144,26,0.03611111111111111,1813.8333333333333,3.4904839107335652,0.46153846153846156,0.6923076923076923
Robustness,many_breakpoints_n720_m6_g144_s31,many_breakpoints,large_budget,720,6,144,3601,5.001388888888889,1689.4857142857143,2.4753632966692183,0.00833101916134407,0.014995834490419328
Robustness,many_breakpoints_n720_m6_g144_s32,many_breakpoints,large_budget,720,6,144,3601,5.001388888888889,1756.3103448275863,2.7824271721130005,0.006664815329075257,0.012496528742016106
Robustness,many_breakpoints_n720_m6_g144_s33,many_breakpoints,large_budget,720,6,144,3601,5.001388888888889,1741.8620689655172,2.752515041055047,0.006664815329075257,0.012496528742016106
Stress,dense_frontier_n2880_m6_g53_s41,dense_frontier,stress,2880,6,53,26,0.009027777777777777,7440.8,4.754357127269739,0.11538461538461539,0.34615384615384615
Stress,dense_frontier_n5760_m6_g75_s41,dense_frontier,stress,5760,6,75,26,0.0045138888888888885,15233.2,6.522574109617305,0.11538461538461539,0.34615384615384615
Stress,correlated_risk_n2880_m6_g53_s41,correlated_risk,stress,2880,6,53,26,0.009027777777777777,6653.444444444444,5.931118902910398,0.34615384615384615,0.5769230769230769
Stress,correlated_risk_n5760_m6_g75_s41,correlated_risk,stress,5760,6,75,26,0.0045138888888888885,14940.714285714286,8.808863512546925,0.46153846153846156,0.46153846153846156
Stress,near_tie_n2880_m6_g53_s41,near_tie,stress,2880,6,53,26,0.009027777777777777,6013.428571428572,5.506107274701383,0.11538461538461539,0.46153846153846156
Stress,near_tie_n5760_m6_g75_s41,near_tie,stress,5760,6,75,26,0.0045138888888888885,13256.6,6.136005148608062,0.11538461538461539,0.34615384615384615
Stress,many_breakpoints_n2880_m6_g53_s41,many_breakpoints,stress,2880,6,53,14401,5.0003472222222225,6541.315789473684,2.835415231584792,0.002083188667453649,0.002083188667453649
Stress,many_breakpoints_n5760_m6_g75_s41,many_breakpoints,stress,5760,6,75,28801,5.000173611111111,12809.263157894737,4.418592496356412,0.001041630498941009,0.001041630498941009
Coefficient transfer,rwth_knapsack_n=1000_seed=31,rwth_knapsack,external_coefficient_transfer,1000,2,250,920,0.92,508.3809523809524,1.7444469252327477,0.029347826086956522,0.035869565217391305
Coefficient transfer,rwth_knapsack_n=1000_seed=32,rwth_knapsack,external_coefficient_transfer,1000,2,250,918,0.918,458.35714285714283,1.620431048295732,0.0392156862745098,0.0457516339869281
Coefficient transfer,rwth_knapsack_n=1000_seed=33,rwth_knapsack,external_coefficient_transfer,1000,2,250,904,0.904,440.5,1.7216155325032352,0.03982300884955752,0.04756637168141593
Coefficient transfer,rwth_knapsack_n=5000_seed=41,rwth_knapsack,external_coefficient_transfer,5000,2,500,3199,0.6398,1265.3793103448277,2.938528077597609,0.011253516723976243,0.014066895904970303
Coefficient transfer,rwth_knapsack_n=5000_seed=42,rwth_knapsack,external_coefficient_transfer,5000,2,500,3173,0.6346,1373.84,3.0507956459902728,0.009454774661203908,0.01229120705956508
Coefficient transfer,rwth_knapsack_n=5000_seed=43,rwth_knapsack,external_coefficient_transfer,5000,2,500,3231,0.6462,1313.3703703703704,3.2317590992541825,0.009285051067780872,0.012999071494893221
Coefficient transfer,rwth_knapsack_n=10000_seed=51,rwth_knapsack,external_coefficient_transfer,10000,2,500,4486,0.4486,1607.3548387096773,3.630664130210295,0.00780205082478823,0.010031208203299153
Coefficient transfer,rwth_knapsack_n=10000_seed=52,rwth_knapsack,external_coefficient_transfer,10000,2,500,4500,0.45,1592.6451612903227,4.254190064296192,0.006666666666666667,0.010444444444444444
Coefficient transfer,rwth_knapsack_n=10000_seed=53,rwth_knapsack,external_coefficient_transfer,10000,2,500,4452,0.4452,1580.741935483871,4.1503529619069965,0.006738544474393531,0.010332434860736747
Pricing-derived,uci_online_retail_n360_s61,uci_online_retail,application,360,12,18,1995,5.541666666666667,370.0,0.25471109982216505,0.009022556390977444,0.013533834586466165
Pricing-derived,uci_online_retail_n360_s62,uci_online_retail,application,360,12,18,2005,5.569444444444445,350.05263157894734,0.18330673587410157,0.014962593516209476,0.014962593516209476
Pricing-derived,uci_online_retail_n360_s63,uci_online_retail,application,360,12,18,1971,5.475,327.1764705882353,0.24371075503644588,0.0121765601217656,0.0136986301369863
Pricing-derived,uci_online_retail_n720_s61,uci_online_retail,application,720,12,26,3973,5.518055555555556,714.0,0.2519091958347787,0.005285678328718852,0.006795872136924239
Pricing-derived,uci_online_retail_n720_s62,uci_online_retail,application,720,12,26,4011,5.570833333333334,681.1052631578947,0.3071340793328968,0.005235602094240838,0.0074794315632011965
Pricing-derived,uci_online_retail_n720_s63,uci_online_retail,application,720,12,26,3976,5.522222222222222,700.2631578947369,0.2613152792977901,0.006790744466800805,0.007545271629778672
Pricing-derived,uci_online_retail_n1440_s61,uci_online_retail,application,1440,12,37,7995,5.552083333333333,1248.7894736842106,0.23808835461032607,0.00375234521575985,0.00375234521575985
Pricing-derived,uci_online_retail_n1440_s62,uci_online_retail,application,1440,12,37,8016,5.566666666666666,1351.1904761904761,0.25827874629127534,0.0033682634730538923,0.004116766467065869
Pricing-derived,uci_online_retail_n1440_s63,uci_online_retail,application,1440,12,37,8011,5.563194444444444,1282.3333333333333,0.5636693873469403,0.0018724254150543004,0.005242791162152041
