execution_order,family,instance,method,n,repeat,seconds,seed
second,dense_frontier,dense_frontier_n360_m6_g18_s51,compressed,360,0,0.08499341690912843,51
first,dense_frontier,dense_frontier_n360_m6_g18_s51,compressed,360,1,0.08458866702858359,51
second,dense_frontier,dense_frontier_n360_m6_g18_s51,compressed,360,2,0.08676425006706268,51
first,dense_frontier,dense_frontier_n360_m6_g18_s51,clique,360,0,0.15480224997736514,51
second,dense_frontier,dense_frontier_n360_m6_g18_s51,clique,360,1,0.15332174999639392,51
first,dense_frontier,dense_frontier_n360_m6_g18_s51,clique,360,2,0.1527856249595061,51
first,dense_frontier,dense_frontier_n360_m6_g18_s52,compressed,360,0,0.08582195895723999,52
second,dense_frontier,dense_frontier_n360_m6_g18_s52,compressed,360,1,0.08512237505055964,52
first,dense_frontier,dense_frontier_n360_m6_g18_s52,compressed,360,2,0.08429025008808821,52
second,dense_frontier,dense_frontier_n360_m6_g18_s52,clique,360,0,0.15383937500882894,52
first,dense_frontier,dense_frontier_n360_m6_g18_s52,clique,360,1,0.15475424996111542,52
second,dense_frontier,dense_frontier_n360_m6_g18_s52,clique,360,2,0.15449183399323374,52
second,dense_frontier,dense_frontier_n720_m6_g26_s51,compressed,720,0,0.15454512496944517,51
first,dense_frontier,dense_frontier_n720_m6_g26_s51,compressed,720,1,0.15634379198309034,51
second,dense_frontier,dense_frontier_n720_m6_g26_s51,compressed,720,2,0.1561484169214964,51
first,dense_frontier,dense_frontier_n720_m6_g26_s51,clique,720,0,0.3624945420306176,51
second,dense_frontier,dense_frontier_n720_m6_g26_s51,clique,720,1,0.36057912500109524,51
first,dense_frontier,dense_frontier_n720_m6_g26_s51,clique,720,2,0.36140816600527614,51
first,dense_frontier,dense_frontier_n720_m6_g26_s52,compressed,720,0,0.1555276250001043,52
second,dense_frontier,dense_frontier_n720_m6_g26_s52,compressed,720,1,0.1554203339619562,52
first,dense_frontier,dense_frontier_n720_m6_g26_s52,compressed,720,2,0.15520183299668133,52
second,dense_frontier,dense_frontier_n720_m6_g26_s52,clique,720,0,0.36116766708437353,52
first,dense_frontier,dense_frontier_n720_m6_g26_s52,clique,720,1,0.36180491698905826,52
second,dense_frontier,dense_frontier_n720_m6_g26_s52,clique,720,2,0.36191220802720636,52
second,dense_frontier,dense_frontier_n1440_m6_g37_s51,compressed,1440,0,0.299014333053492,51
first,dense_frontier,dense_frontier_n1440_m6_g37_s51,compressed,1440,1,0.29352945799473673,51
second,dense_frontier,dense_frontier_n1440_m6_g37_s51,compressed,1440,2,0.2933607919840142,51
first,dense_frontier,dense_frontier_n1440_m6_g37_s51,clique,1440,0,0.8687116249930114,51
second,dense_frontier,dense_frontier_n1440_m6_g37_s51,clique,1440,1,0.8697027910966426,51
first,dense_frontier,dense_frontier_n1440_m6_g37_s51,clique,1440,2,0.8637673750054091,51
first,dense_frontier,dense_frontier_n1440_m6_g37_s52,compressed,1440,0,0.2927194170188159,52
second,dense_frontier,dense_frontier_n1440_m6_g37_s52,compressed,1440,1,0.29569787508808076,52
first,dense_frontier,dense_frontier_n1440_m6_g37_s52,compressed,1440,2,0.2955871670274064,52
second,dense_frontier,dense_frontier_n1440_m6_g37_s52,clique,1440,0,0.8800188340246677,52
first,dense_frontier,dense_frontier_n1440_m6_g37_s52,clique,1440,1,0.8767801249632612,52
second,dense_frontier,dense_frontier_n1440_m6_g37_s52,clique,1440,2,0.8798134999815375,52
second,correlated_risk,correlated_risk_n360_m6_g18_s51,compressed,360,0,0.08499891590327024,51
first,correlated_risk,correlated_risk_n360_m6_g18_s51,compressed,360,1,0.08211933297570795,51
second,correlated_risk,correlated_risk_n360_m6_g18_s51,compressed,360,2,0.08412999997381121,51
first,correlated_risk,correlated_risk_n360_m6_g18_s51,clique,360,0,0.2223529580514878,51
second,correlated_risk,correlated_risk_n360_m6_g18_s51,clique,360,1,0.22087608301080763,51
first,correlated_risk,correlated_risk_n360_m6_g18_s51,clique,360,2,0.21956933406181633,51
first,correlated_risk,correlated_risk_n360_m6_g18_s52,compressed,360,0,0.0824174169683829,52
second,correlated_risk,correlated_risk_n360_m6_g18_s52,compressed,360,1,0.0820979579584673,52
first,correlated_risk,correlated_risk_n360_m6_g18_s52,compressed,360,2,0.08151945809368044,52
second,correlated_risk,correlated_risk_n360_m6_g18_s52,clique,360,0,0.21139137505088001,52
first,correlated_risk,correlated_risk_n360_m6_g18_s52,clique,360,1,0.2101889590267092,52
second,correlated_risk,correlated_risk_n360_m6_g18_s52,clique,360,2,0.21224783302750438,52
second,correlated_risk,correlated_risk_n720_m6_g26_s51,compressed,720,0,0.14999612502288073,51
first,correlated_risk,correlated_risk_n720_m6_g26_s51,compressed,720,1,0.14896245894487947,51
second,correlated_risk,correlated_risk_n720_m6_g26_s51,compressed,720,2,0.15093983395490795,51
first,correlated_risk,correlated_risk_n720_m6_g26_s51,clique,720,0,0.5324266250245273,51
second,correlated_risk,correlated_risk_n720_m6_g26_s51,clique,720,1,0.5309575840365142,51
first,correlated_risk,correlated_risk_n720_m6_g26_s51,clique,720,2,0.5300809589680284,51
first,correlated_risk,correlated_risk_n720_m6_g26_s52,compressed,720,0,0.1493995840428397,52
second,correlated_risk,correlated_risk_n720_m6_g26_s52,compressed,720,1,0.14929425006266683,52
first,correlated_risk,correlated_risk_n720_m6_g26_s52,compressed,720,2,0.1510080840671435,52
second,correlated_risk,correlated_risk_n720_m6_g26_s52,clique,720,0,0.53392516693566,52
first,correlated_risk,correlated_risk_n720_m6_g26_s52,clique,720,1,0.5359148749848828,52
second,correlated_risk,correlated_risk_n720_m6_g26_s52,clique,720,2,0.5339697919553146,52
second,correlated_risk,correlated_risk_n1440_m6_g37_s51,compressed,1440,0,0.2863177910912782,51
first,correlated_risk,correlated_risk_n1440_m6_g37_s51,compressed,1440,1,0.2793027919251472,51
second,correlated_risk,correlated_risk_n1440_m6_g37_s51,compressed,1440,2,0.28049745794851333,51
first,correlated_risk,correlated_risk_n1440_m6_g37_s51,clique,1440,0,1.3294931249693036,51
second,correlated_risk,correlated_risk_n1440_m6_g37_s51,clique,1440,1,1.3321557079907507,51
first,correlated_risk,correlated_risk_n1440_m6_g37_s51,clique,1440,2,1.3359245830215514,51
first,correlated_risk,correlated_risk_n1440_m6_g37_s52,compressed,1440,0,0.2823942080140114,52
second,correlated_risk,correlated_risk_n1440_m6_g37_s52,compressed,1440,1,0.28074083395767957,52
first,correlated_risk,correlated_risk_n1440_m6_g37_s52,compressed,1440,2,0.28136366594117135,52
second,correlated_risk,correlated_risk_n1440_m6_g37_s52,clique,1440,0,1.4792996669420972,52
first,correlated_risk,correlated_risk_n1440_m6_g37_s52,clique,1440,1,1.4793209169292822,52
second,correlated_risk,correlated_risk_n1440_m6_g37_s52,clique,1440,2,1.4790670829825103,52
second,near_tie,near_tie_n360_m6_g18_s51,compressed,360,0,0.08258462511003017,51
first,near_tie,near_tie_n360_m6_g18_s51,compressed,360,1,0.08340220898389816,51
second,near_tie,near_tie_n360_m6_g18_s51,compressed,360,2,0.08195670903660357,51
first,near_tie,near_tie_n360_m6_g18_s51,clique,360,0,0.154750540968962,51
second,near_tie,near_tie_n360_m6_g18_s51,clique,360,1,0.1545730420621112,51
first,near_tie,near_tie_n360_m6_g18_s51,clique,360,2,0.15500433405395597,51
first,near_tie,near_tie_n360_m6_g18_s52,compressed,360,0,0.0819420829648152,52
second,near_tie,near_tie_n360_m6_g18_s52,compressed,360,1,0.0854141250019893,52
first,near_tie,near_tie_n360_m6_g18_s52,compressed,360,2,0.08140054205432534,52
second,near_tie,near_tie_n360_m6_g18_s52,clique,360,0,0.15278775000479072,52
first,near_tie,near_tie_n360_m6_g18_s52,clique,360,1,0.1518786249216646,52
second,near_tie,near_tie_n360_m6_g18_s52,clique,360,2,0.15193641697987914,52
second,near_tie,near_tie_n720_m6_g26_s51,compressed,720,0,0.15105833299458027,51
first,near_tie,near_tie_n720_m6_g26_s51,compressed,720,1,0.15188925003167242,51
second,near_tie,near_tie_n720_m6_g26_s51,compressed,720,2,0.14983916701748967,51
first,near_tie,near_tie_n720_m6_g26_s51,clique,720,0,0.3578353750053793,51
second,near_tie,near_tie_n720_m6_g26_s51,clique,720,1,0.3588774170493707,51
first,near_tie,near_tie_n720_m6_g26_s51,clique,720,2,0.3566570420516655,51
first,near_tie,near_tie_n720_m6_g26_s52,compressed,720,0,0.14997224998660386,52
second,near_tie,near_tie_n720_m6_g26_s52,compressed,720,1,0.1507335000205785,52
first,near_tie,near_tie_n720_m6_g26_s52,compressed,720,2,0.1491175420815125,52
second,near_tie,near_tie_n720_m6_g26_s52,clique,720,0,0.3479040829697624,52
first,near_tie,near_tie_n720_m6_g26_s52,clique,720,1,0.34719808399677277,52
second,near_tie,near_tie_n720_m6_g26_s52,clique,720,2,0.3482127090683207,52
second,near_tie,near_tie_n1440_m6_g37_s51,compressed,1440,0,0.2817586249439046,51
first,near_tie,near_tie_n1440_m6_g37_s51,compressed,1440,1,0.2848631660453975,51
second,near_tie,near_tie_n1440_m6_g37_s51,compressed,1440,2,0.2859764579916373,51
first,near_tie,near_tie_n1440_m6_g37_s51,clique,1440,0,0.8583505420247093,51
second,near_tie,near_tie_n1440_m6_g37_s51,clique,1440,1,0.8580435829935595,51
first,near_tie,near_tie_n1440_m6_g37_s51,clique,1440,2,0.8556358340429142,51
first,near_tie,near_tie_n1440_m6_g37_s52,compressed,1440,0,0.282501749927178,52
second,near_tie,near_tie_n1440_m6_g37_s52,compressed,1440,1,0.28255524998530746,52
first,near_tie,near_tie_n1440_m6_g37_s52,compressed,1440,2,0.284143166965805,52
second,near_tie,near_tie_n1440_m6_g37_s52,clique,1440,0,0.8119327500462532,52
first,near_tie,near_tie_n1440_m6_g37_s52,clique,1440,1,0.8123634159564972,52
second,near_tie,near_tie_n1440_m6_g37_s52,clique,1440,2,0.8140384159050882,52
second,many_breakpoints,many_breakpoints_n360_m6_g18_s51,compressed,360,0,0.10490991594269872,51
first,many_breakpoints,many_breakpoints_n360_m6_g18_s51,compressed,360,1,0.10401920904405415,51
second,many_breakpoints,many_breakpoints_n360_m6_g18_s51,compressed,360,2,0.10349995805881917,51
first,many_breakpoints,many_breakpoints_n360_m6_g18_s51,clique,360,0,0.15398191707208753,51
second,many_breakpoints,many_breakpoints_n360_m6_g18_s51,clique,360,1,0.1545950419967994,51
first,many_breakpoints,many_breakpoints_n360_m6_g18_s51,clique,360,2,0.15264150011353195,51
first,many_breakpoints,many_breakpoints_n360_m6_g18_s52,compressed,360,0,0.10391758300829679,52
second,many_breakpoints,many_breakpoints_n360_m6_g18_s52,compressed,360,1,0.10381995793431997,52
first,many_breakpoints,many_breakpoints_n360_m6_g18_s52,compressed,360,2,0.1035227079410106,52
second,many_breakpoints,many_breakpoints_n360_m6_g18_s52,clique,360,0,0.15041787503287196,52
first,many_breakpoints,many_breakpoints_n360_m6_g18_s52,clique,360,1,0.15028075000736862,52
second,many_breakpoints,many_breakpoints_n360_m6_g18_s52,clique,360,2,0.14921549998689443,52
second,many_breakpoints,many_breakpoints_n720_m6_g26_s51,compressed,720,0,0.21641104202717543,51
first,many_breakpoints,many_breakpoints_n720_m6_g26_s51,compressed,720,1,0.22167395893484354,51
second,many_breakpoints,many_breakpoints_n720_m6_g26_s51,compressed,720,2,0.21136754099279642,51
first,many_breakpoints,many_breakpoints_n720_m6_g26_s51,clique,720,0,0.43468366703018546,51
second,many_breakpoints,many_breakpoints_n720_m6_g26_s51,clique,720,1,0.43605420901440084,51
first,many_breakpoints,many_breakpoints_n720_m6_g26_s51,clique,720,2,0.43559495790395886,51
first,many_breakpoints,many_breakpoints_n720_m6_g26_s52,compressed,720,0,0.218919666018337,52
second,many_breakpoints,many_breakpoints_n720_m6_g26_s52,compressed,720,1,0.21947833406738937,52
first,many_breakpoints,many_breakpoints_n720_m6_g26_s52,compressed,720,2,0.2185724579030648,52
second,many_breakpoints,many_breakpoints_n720_m6_g26_s52,clique,720,0,0.4199746659724042,52
first,many_breakpoints,many_breakpoints_n720_m6_g26_s52,clique,720,1,0.4180521670496091,52
second,many_breakpoints,many_breakpoints_n720_m6_g26_s52,clique,720,2,0.41884004103485495,52
second,many_breakpoints,many_breakpoints_n1440_m6_g37_s51,compressed,1440,0,0.4769406249979511,51
first,many_breakpoints,many_breakpoints_n1440_m6_g37_s51,compressed,1440,1,0.4812566250329837,51
second,many_breakpoints,many_breakpoints_n1440_m6_g37_s51,compressed,1440,2,0.4737346670590341,51
first,many_breakpoints,many_breakpoints_n1440_m6_g37_s51,clique,1440,0,1.5555931669659913,51
second,many_breakpoints,many_breakpoints_n1440_m6_g37_s51,clique,1440,1,1.5542393330251798,51
first,many_breakpoints,many_breakpoints_n1440_m6_g37_s51,clique,1440,2,1.553724083933048,51
first,many_breakpoints,many_breakpoints_n1440_m6_g37_s52,compressed,1440,0,0.475024624960497,52
second,many_breakpoints,many_breakpoints_n1440_m6_g37_s52,compressed,1440,1,0.4802280409494415,52
first,many_breakpoints,many_breakpoints_n1440_m6_g37_s52,compressed,1440,2,0.471375250024721,52
second,many_breakpoints,many_breakpoints_n1440_m6_g37_s52,clique,1440,0,1.5292041250504553,52
first,many_breakpoints,many_breakpoints_n1440_m6_g37_s52,clique,1440,1,1.5318816249491647,52
second,many_breakpoints,many_breakpoints_n1440_m6_g37_s52,clique,1440,2,1.527497167000547,52
