construct_seconds,execution_order,family,instance,method,n,query_seconds,repeat,seed,total_seconds
0.004216667031869292,first,dense_frontier,dense_frontier_n90_m6_g9_s21,compressed,90,0.0009577920427545905,0,21,0.005221041967161
0.023087166948243976,second,dense_frontier,dense_frontier_n90_m6_g9_s21,dense,90,0.004300000029616058,0,21,0.027423499966971576
0.023691332899034023,first,dense_frontier,dense_frontier_n90_m6_g9_s21,dense,90,0.003923709038645029,1,21,0.027644166024401784
0.0034044169588014483,second,dense_frontier,dense_frontier_n90_m6_g9_s21,compressed,90,0.0009175409795716405,1,21,0.004361707950010896
0.0035827920073643327,first,dense_frontier,dense_frontier_n90_m6_g9_s21,compressed,90,0.0009317919611930847,2,21,0.004551209043711424
0.023231874918565154,second,dense_frontier,dense_frontier_n90_m6_g9_s21,dense,90,0.003973375074565411,2,21,0.027231750078499317
0.02196212497074157,first,dense_frontier,dense_frontier_n90_m6_g9_s21,dense,90,0.003972208010964096,3,21,0.025962208048440516
0.0037333329673856497,second,dense_frontier,dense_frontier_n90_m6_g9_s21,compressed,90,0.0009085419587790966,3,21,0.004679292091168463
0.0034757090033963323,first,dense_frontier,dense_frontier_n90_m6_g9_s21,compressed,90,0.0011047079460695386,4,21,0.004629249917343259
0.02253541606478393,second,dense_frontier,dense_frontier_n90_m6_g9_s21,dense,90,0.004306374932639301,4,21,0.026871416019275784
0.023678625002503395,first,dense_frontier,dense_frontier_n90_m6_g9_s22,dense,90,0.004051250056363642,0,22,0.027755834045819938
0.0034562500659376383,second,dense_frontier,dense_frontier_n90_m6_g9_s22,compressed,90,0.00103554199449718,0,22,0.004529375000856817
0.003437416977249086,first,dense_frontier,dense_frontier_n90_m6_g9_s22,compressed,90,0.0009054590482264757,1,22,0.004379249992780387
0.02280812489334494,second,dense_frontier,dense_frontier_n90_m6_g9_s22,dense,90,0.004144542035646737,1,22,0.02698304201476276
0.022852499969303608,first,dense_frontier,dense_frontier_n90_m6_g9_s22,dense,90,0.003927042009308934,2,22,0.02680475008673966
0.0038687080377712846,second,dense_frontier,dense_frontier_n90_m6_g9_s22,compressed,90,0.0009030000073835254,2,22,0.004809541977010667
0.0037427080096676946,first,dense_frontier,dense_frontier_n90_m6_g9_s22,compressed,90,0.000924792024306953,3,22,0.004706874955445528
0.022970666992478073,second,dense_frontier,dense_frontier_n90_m6_g9_s22,dense,90,0.003915500012226403,3,22,0.02691124996636063
0.02331604203209281,first,dense_frontier,dense_frontier_n90_m6_g9_s22,dense,90,0.00405466603115201,4,22,0.027395999990403652
0.003379667061381042,second,dense_frontier,dense_frontier_n90_m6_g9_s22,compressed,90,0.0009000831050798297,4,22,0.0043315410148352385
0.0037748749600723386,first,dense_frontier,dense_frontier_n90_m6_g9_s23,compressed,90,0.0009296250063925982,0,23,0.004741166019812226
0.023189916973933578,second,dense_frontier,dense_frontier_n90_m6_g9_s23,dense,90,0.003892083070240915,0,23,0.027107957983389497
0.022316916030831635,first,dense_frontier,dense_frontier_n90_m6_g9_s23,dense,90,0.003990666940808296,1,23,0.0263336660573259
0.004381375038065016,second,dense_frontier,dense_frontier_n90_m6_g9_s23,compressed,90,0.0009292919421568513,1,23,0.0053493339801207185
0.004497457994148135,first,dense_frontier,dense_frontier_n90_m6_g9_s23,compressed,90,0.000977291027083993,2,23,0.00551566609647125
0.023268084041774273,second,dense_frontier,dense_frontier_n90_m6_g9_s23,dense,90,0.004061750019900501,2,23,0.02735520899295807
0.02410312497522682,first,dense_frontier,dense_frontier_n90_m6_g9_s23,dense,90,0.004284125054255128,3,23,0.028455832973122597
0.00336899992544204,second,dense_frontier,dense_frontier_n90_m6_g9_s23,compressed,90,0.0009022079175338149,3,23,0.00430979102384299
0.00334012508392334,first,dense_frontier,dense_frontier_n90_m6_g9_s23,compressed,90,0.0008789160056039691,4,23,0.004256792017258704
0.02284883300308138,second,dense_frontier,dense_frontier_n90_m6_g9_s23,dense,90,0.004223832977004349,4,23,0.027102792053483427
0.007157959043979645,first,dense_frontier,dense_frontier_n180_m6_g13_s21,compressed,180,0.0014231250388547778,0,21,0.008650791947729886
0.04731358389835805,second,dense_frontier,dense_frontier_n180_m6_g13_s21,dense,180,0.008229458006098866,0,21,0.055589583003893495
0.046391790965572,first,dense_frontier,dense_frontier_n180_m6_g13_s21,dense,180,0.007980749942362309,1,21,0.05441879096906632
0.006360374973155558,second,dense_frontier,dense_frontier_n180_m6_g13_s21,compressed,180,0.0015913749812170863,1,21,0.008014625054784119
0.006567792035639286,first,dense_frontier,dense_frontier_n180_m6_g13_s21,compressed,180,0.0016043750802055001,2,21,0.008244459051638842
0.046813542023301125,second,dense_frontier,dense_frontier_n180_m6_g13_s21,dense,180,0.007868084008805454,2,21,0.05472958309110254
0.04778979206457734,first,dense_frontier,dense_frontier_n180_m6_g13_s21,dense,180,0.008882708963938057,3,21,0.05672679201234132
0.006847333046607673,second,dense_frontier,dense_frontier_n180_m6_g13_s21,compressed,180,0.0016355830011889338,3,21,0.008581332978792489
0.006969833048060536,first,dense_frontier,dense_frontier_n180_m6_g13_s21,compressed,180,0.0013826669892296195,4,21,0.008418458979576826
0.047189375036396086,second,dense_frontier,dense_frontier_n180_m6_g13_s21,dense,180,0.008576666936278343,4,21,0.055818374967202544
0.046350999968126416,first,dense_frontier,dense_frontier_n180_m6_g13_s22,dense,180,0.007965915952809155,0,22,0.05436441604979336
0.006953416974283755,second,dense_frontier,dense_frontier_n180_m6_g13_s22,compressed,180,0.0013870829716324806,0,22,0.008404708933085203
0.006902041961438954,first,dense_frontier,dense_frontier_n180_m6_g13_s22,compressed,180,0.001675749896094203,1,22,0.008644541958346963
0.04727908398490399,second,dense_frontier,dense_frontier_n180_m6_g13_s22,dense,180,0.007910459069535136,1,22,0.0552354579558596
0.04599491599947214,first,dense_frontier,dense_frontier_n180_m6_g13_s22,dense,180,0.00795287499204278,2,22,0.05399549996946007
0.00710833293851465,second,dense_frontier,dense_frontier_n180_m6_g13_s22,compressed,180,0.0013715840177610517,2,22,0.008542875060811639
0.007315125083550811,first,dense_frontier,dense_frontier_n180_m6_g13_s22,compressed,180,0.001763584092259407,3,22,0.009184208000078797
0.0477790420409292,second,dense_frontier,dense_frontier_n180_m6_g13_s22,dense,180,0.007859874982386827,3,22,0.05568454205058515
0.04681620805058628,first,dense_frontier,dense_frontier_n180_m6_g13_s22,dense,180,0.008280707988888025,4,22,0.05514537496492267
0.007028082967735827,second,dense_frontier,dense_frontier_n180_m6_g13_s22,compressed,180,0.0018029160564765334,4,22,0.008900125045329332
0.007698957924731076,first,dense_frontier,dense_frontier_n180_m6_g13_s23,compressed,180,0.0014364999951794744,0,23,0.009204667061567307
0.04659583303146064,second,dense_frontier,dense_frontier_n180_m6_g13_s23,dense,180,0.008129500085487962,0,23,0.05477137502748519
0.04631720797624439,first,dense_frontier,dense_frontier_n180_m6_g13_s23,dense,180,0.007791917072609067,1,23,0.05415550002362579
0.007224916946142912,second,dense_frontier,dense_frontier_n180_m6_g13_s23,compressed,180,0.0016747500048950315,1,23,0.008974459022283554
0.006601749919354916,first,dense_frontier,dense_frontier_n180_m6_g13_s23,compressed,180,0.001723750028759241,2,23,0.008393167052417994
0.04714129201602191,second,dense_frontier,dense_frontier_n180_m6_g13_s23,dense,180,0.007743708090856671,2,23,0.05493545799981803
0.04757970804348588,first,dense_frontier,dense_frontier_n180_m6_g13_s23,dense,180,0.007949833059683442,3,23,0.05558095802552998
0.006852166028693318,second,dense_frontier,dense_frontier_n180_m6_g13_s23,compressed,180,0.001453207922168076,3,23,0.008380208048038185
0.007169125019572675,first,dense_frontier,dense_frontier_n180_m6_g13_s23,compressed,180,0.0015228749252855778,4,23,0.008755999966524541
0.04806883295532316,second,dense_frontier,dense_frontier_n180_m6_g13_s23,dense,180,0.008497165981680155,4,23,0.05661491700448096
0.014748333021998405,first,dense_frontier,dense_frontier_n360_m6_g18_s21,compressed,360,0.002633166965097189,0,21,0.017629750072956085
0.09503791702445596,second,dense_frontier,dense_frontier_n360_m6_g18_s21,dense,360,0.01659550005570054,0,21,0.11174629209563136
0.12605587497819215,first,dense_frontier,dense_frontier_n360_m6_g18_s21,dense,360,0.02604708296712488,1,21,0.15226841601543128
0.014382291934452951,second,dense_frontier,dense_frontier_n360_m6_g18_s21,compressed,360,0.0023913750192150474,1,21,0.01689674996305257
0.014495000010356307,first,dense_frontier,dense_frontier_n360_m6_g18_s21,compressed,360,0.0026837089098989964,2,21,0.01738808397203684
0.09294054203201085,second,dense_frontier,dense_frontier_n360_m6_g18_s21,dense,360,0.01610412506852299,2,21,0.10915829194709659
0.09316616703290492,first,dense_frontier,dense_frontier_n360_m6_g18_s21,dense,360,0.015621499973349273,3,21,0.108876834041439
0.013489792007021606,second,dense_frontier,dense_frontier_n360_m6_g18_s21,compressed,360,0.002584415953606367,3,21,0.01619916595518589
0.013779125059954822,first,dense_frontier,dense_frontier_n360_m6_g18_s21,compressed,360,0.0024072909727692604,4,21,0.016301916912198067
0.09211662504822016,second,dense_frontier,dense_frontier_n360_m6_g18_s21,dense,360,0.016362458001822233,4,21,0.10856470896396786
0.09082595899235457,first,dense_frontier,dense_frontier_n360_m6_g18_s22,dense,360,0.01639833301305771,0,22,0.1073104579700157
0.013877458055503666,second,dense_frontier,dense_frontier_n360_m6_g18_s22,compressed,360,0.0022644170094281435,0,22,0.016258499934338033
0.01289545907638967,first,dense_frontier,dense_frontier_n360_m6_g18_s22,compressed,360,0.002538874978199601,1,22,0.015554291079752147
0.09177999990060925,second,dense_frontier,dense_frontier_n360_m6_g18_s22,dense,360,0.01627245801500976,1,22,0.10814466595184058
0.09343308303505182,first,dense_frontier,dense_frontier_n360_m6_g18_s22,dense,360,0.016148666967637837,2,22,0.10966891597490758
0.013103540986776352,second,dense_frontier,dense_frontier_n360_m6_g18_s22,compressed,360,0.0023975420044735074,2,22,0.01564458303619176
0.013735332991927862,first,dense_frontier,dense_frontier_n360_m6_g18_s22,compressed,360,0.0025478749303147197,3,22,0.016404082998633385
0.09184679109603167,second,dense_frontier,dense_frontier_n360_m6_g18_s22,dense,360,0.016219957964494824,3,22,0.10815020906738937
0.0911341249011457,first,dense_frontier,dense_frontier_n360_m6_g18_s22,dense,360,0.016379292006604373,4,22,0.10760024993214756
0.01290749991312623,second,dense_frontier,dense_frontier_n360_m6_g18_s22,compressed,360,0.0028452500700950623,4,22,0.015880916034802794
0.013263833010569215,first,dense_frontier,dense_frontier_n360_m6_g18_s23,compressed,360,0.0023329589748755097,0,23,0.015717374975793064
0.09310491697397083,second,dense_frontier,dense_frontier_n360_m6_g18_s23,dense,360,0.016040083020925522,0,23,0.109228958026506
0.09196850005537271,first,dense_frontier,dense_frontier_n360_m6_g18_s23,dense,360,0.01606737496331334,1,23,0.10814079199917614
0.01298212492838502,second,dense_frontier,dense_frontier_n360_m6_g18_s23,compressed,360,0.0024157920852303505,1,23,0.015513333026319742
0.012799457996152341,first,dense_frontier,dense_frontier_n360_m6_g18_s23,compressed,360,0.002363624982535839,2,23,0.015281916013918817
0.09176620794460177,second,dense_frontier,dense_frontier_n360_m6_g18_s23,dense,360,0.016172625008039176,2,23,0.10802170902024955
0.09483479103073478,first,dense_frontier,dense_frontier_n360_m6_g18_s23,dense,360,0.01618445909116417,3,23,0.11110104201361537
0.013036334072239697,second,dense_frontier,dense_frontier_n360_m6_g18_s23,compressed,360,0.0023019170621410012,3,23,0.015452667023055255
0.012708083027973771,first,dense_frontier,dense_frontier_n360_m6_g18_s23,compressed,360,0.0027752500027418137,4,23,0.015608582994900644
0.09030862501822412,second,dense_frontier,dense_frontier_n360_m6_g18_s23,dense,360,0.015536083956249058,4,23,0.10593129205517471
0.026477249921299517,first,dense_frontier,dense_frontier_n720_m6_g26_s21,compressed,720,0.004997708019800484,0,21,0.031740167061798275
0.18683991697616875,second,dense_frontier,dense_frontier_n720_m6_g26_s21,dense,720,0.03194033296313137,0,21,0.21898979193065315
0.18196654098574072,first,dense_frontier,dense_frontier_n720_m6_g26_s21,dense,720,0.032806457951664925,1,21,0.21495854202657938
0.025169124943204224,second,dense_frontier,dense_frontier_n720_m6_g26_s21,compressed,720,0.004569125012494624,1,21,0.02996470802463591
0.026030167005956173,first,dense_frontier,dense_frontier_n720_m6_g26_s21,compressed,720,0.004352667019702494,2,21,0.030602833023294806
0.18443529098294675,second,dense_frontier,dense_frontier_n720_m6_g26_s21,dense,720,0.0315907500917092,2,21,0.21643241704441607
0.1827967920107767,first,dense_frontier,dense_frontier_n720_m6_g26_s21,dense,720,0.03195154096465558,3,21,0.21494712494313717
0.025615249993279576,second,dense_frontier,dense_frontier_n720_m6_g26_s21,compressed,720,0.004761749994941056,3,21,0.030621333047747612
0.025959249935112894,first,dense_frontier,dense_frontier_n720_m6_g26_s21,compressed,720,0.00451316696126014,4,21,0.030699417111463845
0.1845521250506863,second,dense_frontier,dense_frontier_n720_m6_g26_s21,dense,720,0.031325167044997215,4,21,0.21605783398263156
0.18679058307316154,first,dense_frontier,dense_frontier_n720_m6_g26_s22,dense,720,0.03191329108085483,0,22,0.21888554096221924
0.025562708964571357,second,dense_frontier,dense_frontier_n720_m6_g26_s22,compressed,720,0.004368624999187887,0,22,0.030154000036418438
0.026786374975927174,first,dense_frontier,dense_frontier_n720_m6_g26_s22,compressed,720,0.005218332982622087,1,22,0.03250566706992686
0.18597558292094618,second,dense_frontier,dense_frontier_n720_m6_g26_s22,dense,720,0.031978791928850114,1,22,0.21810662490315735
0.18436399998608977,first,dense_frontier,dense_frontier_n720_m6_g26_s22,dense,720,0.03418191603850573,2,22,0.21873075002804399
0.024813167052343488,second,dense_frontier,dense_frontier_n720_m6_g26_s22,compressed,720,0.0047453329898417,2,22,0.02979108295403421
0.025118499994277954,first,dense_frontier,dense_frontier_n720_m6_g26_s22,compressed,720,0.004620334017090499,3,22,0.030117542017251253
0.18601891701109707,second,dense_frontier,dense_frontier_n720_m6_g26_s22,dense,720,0.031648083007894456,3,22,0.21782779193017632
0.19167895894497633,first,dense_frontier,dense_frontier_n720_m6_g26_s22,dense,720,0.03360233292914927,4,22,0.2254539590794593
0.026313874986954033,second,dense_frontier,dense_frontier_n720_m6_g26_s22,compressed,720,0.0042837499640882015,4,22,0.03082045796327293
0.02629462501499802,first,dense_frontier,dense_frontier_n720_m6_g26_s23,compressed,720,0.0043575839372351766,0,23,0.030873249983415008
0.18222958291880786,second,dense_frontier,dense_frontier_n720_m6_g26_s23,dense,720,0.032784624956548214,0,23,0.2151988330297172
0.18564691697247326,first,dense_frontier,dense_frontier_n720_m6_g26_s23,dense,720,0.032267792033962905,1,23,0.21808937506284565
0.026380416005849838,second,dense_frontier,dense_frontier_n720_m6_g26_s23,compressed,720,0.004510875092819333,1,23,0.031155999982729554
0.026114917011000216,first,dense_frontier,dense_frontier_n720_m6_g26_s23,compressed,720,0.004470624960958958,2,23,0.03081858390942216
0.1833046249812469,second,dense_frontier,dense_frontier_n720_m6_g26_s23,dense,720,0.03258416696917266,2,23,0.2160637500928715
0.1860196660272777,first,dense_frontier,dense_frontier_n720_m6_g26_s23,dense,720,0.033043624949641526,3,23,0.21922462503425777
0.025856208987534046,second,dense_frontier,dense_frontier_n720_m6_g26_s23,compressed,720,0.004294875077903271,3,23,0.03037404199130833
0.025775250047445297,first,dense_frontier,dense_frontier_n720_m6_g26_s23,compressed,720,0.0045444590505212545,4,23,0.03055216697975993
0.18374083400703967,second,dense_frontier,dense_frontier_n720_m6_g26_s23,dense,720,0.031491665984503925,4,23,0.2153864169958979
0.003638249938376248,first,correlated_risk,correlated_risk_n90_m6_g9_s21,compressed,90,0.0008949169423431158,0,21,0.00457129196729511
0.019895708071999252,second,correlated_risk,correlated_risk_n90_m6_g9_s21,dense,90,0.003936416935175657,0,21,0.02385745896026492
0.020239499979652464,first,correlated_risk,correlated_risk_n90_m6_g9_s21,dense,90,0.003914792090654373,1,21,0.024181999964639544
0.003437332925386727,second,correlated_risk,correlated_risk_n90_m6_g9_s21,compressed,90,0.0008646249771118164,1,21,0.004339959006756544
0.003717459039762616,first,correlated_risk,correlated_risk_n90_m6_g9_s21,compressed,90,0.0009362921118736267,2,21,0.00469245808199048
0.019862374989315867,second,correlated_risk,correlated_risk_n90_m6_g9_s21,dense,90,0.0037957499735057354,2,21,0.023685291991569102
0.020276332972571254,first,correlated_risk,correlated_risk_n90_m6_g9_s21,dense,90,0.0038558749947696924,3,21,0.024162582936696708
0.0033769580768421292,second,correlated_risk,correlated_risk_n90_m6_g9_s21,compressed,90,0.0008855419000610709,3,21,0.0042993329698219895
0.0035352499689906836,first,correlated_risk,correlated_risk_n90_m6_g9_s21,compressed,90,0.0008851659949868917,4,21,0.004458916024304926
0.020403457921929657,second,correlated_risk,correlated_risk_n90_m6_g9_s21,dense,90,0.0037346669705584645,4,21,0.024163958034478128
0.01886562502477318,first,correlated_risk,correlated_risk_n90_m6_g9_s22,dense,90,0.003780334023758769,0,22,0.0226736250333488
0.0033654170110821724,second,correlated_risk,correlated_risk_n90_m6_g9_s22,compressed,90,0.0008684579515829682,0,22,0.004270291072316468
0.0036530829966068268,first,correlated_risk,correlated_risk_n90_m6_g9_s22,compressed,90,0.0008637079736217856,1,22,0.004553374950774014
0.018386416952125728,second,correlated_risk,correlated_risk_n90_m6_g9_s22,dense,90,0.0038522499380633235,1,22,0.022263374994508922
0.018642375012859702,first,correlated_risk,correlated_risk_n90_m6_g9_s22,dense,90,0.004064499982632697,2,22,0.02273424994200468
0.0037400410510599613,second,correlated_risk,correlated_risk_n90_m6_g9_s22,compressed,90,0.0008749170228838921,2,22,0.004656415898352861
0.0037156250327825546,first,correlated_risk,correlated_risk_n90_m6_g9_s22,compressed,90,0.000917124911211431,3,22,0.0046717090299353
0.018061792012304068,second,correlated_risk,correlated_risk_n90_m6_g9_s22,dense,90,0.0037253330228850245,3,22,0.021814959007315338
0.01864158292300999,first,correlated_risk,correlated_risk_n90_m6_g9_s22,dense,90,0.0038619580445811152,4,22,0.022531915921717882
0.003385583055205643,second,correlated_risk,correlated_risk_n90_m6_g9_s22,compressed,90,0.0012403749860823154,4,22,0.004684792016632855
0.003527332912199199,first,correlated_risk,correlated_risk_n90_m6_g9_s23,compressed,90,0.0008598329732194543,0,23,0.00442495895549655
0.020404874929226935,second,correlated_risk,correlated_risk_n90_m6_g9_s23,dense,90,0.003952542087063193,0,23,0.024385125027038157
0.020395083935000002,first,correlated_risk,correlated_risk_n90_m6_g9_s23,dense,90,0.004049000097438693,1,23,0.02446979098021984
0.0036520001012831926,second,correlated_risk,correlated_risk_n90_m6_g9_s23,compressed,90,0.0009004580788314342,1,23,0.004589541000314057
0.0035539999371394515,first,correlated_risk,correlated_risk_n90_m6_g9_s23,compressed,90,0.0008992089424282312,2,23,0.004489374929107726
0.02195149997714907,second,correlated_risk,correlated_risk_n90_m6_g9_s23,dense,90,0.0037844169419258833,2,23,0.025763125042431056
0.020002459059469402,first,correlated_risk,correlated_risk_n90_m6_g9_s23,dense,90,0.0037136669270694256,3,23,0.02374216599855572
0.00337487505748868,second,correlated_risk,correlated_risk_n90_m6_g9_s23,compressed,90,0.000870916061103344,3,23,0.0042837499640882015
0.0033462910214439034,first,correlated_risk,correlated_risk_n90_m6_g9_s23,compressed,90,0.0008931249612942338,4,23,0.00427687494084239
0.020047999918460846,second,correlated_risk,correlated_risk_n90_m6_g9_s23,dense,90,0.004101958009414375,4,23,0.024183375062420964
0.006966957938857377,first,correlated_risk,correlated_risk_n180_m6_g13_s21,compressed,180,0.0013638329692184925,0,21,0.008393874973990023
0.04401004104875028,second,correlated_risk,correlated_risk_n180_m6_g13_s21,dense,180,0.007814750075340271,0,21,0.05187145795207471
0.0442367090145126,first,correlated_risk,correlated_risk_n180_m6_g13_s21,dense,180,0.008060041000135243,1,21,0.05234516703058034
0.007141915964893997,second,correlated_risk,correlated_risk_n180_m6_g13_s21,compressed,180,0.0013615000061690807,1,21,0.008568332996219397
0.006851125042885542,first,correlated_risk,correlated_risk_n180_m6_g13_s21,compressed,180,0.0013829580275341868,2,21,0.008296499960124493
0.04562658304348588,second,correlated_risk,correlated_risk_n180_m6_g13_s21,dense,180,0.007906667073257267,2,21,0.05358383303973824
0.04364187503233552,first,correlated_risk,correlated_risk_n180_m6_g13_s21,dense,180,0.007845500018447638,3,21,0.051539207925088704
0.006639082916080952,second,correlated_risk,correlated_risk_n180_m6_g13_s21,compressed,180,0.0015472079394385219,3,21,0.008252917090430856
0.0069637499982491136,first,correlated_risk,correlated_risk_n180_m6_g13_s21,compressed,180,0.0013935839524492621,4,21,0.008419124991632998
0.044206042075529695,second,correlated_risk,correlated_risk_n180_m6_g13_s21,dense,180,0.00798745802603662,4,21,0.052240291028283536
0.04250062501523644,first,correlated_risk,correlated_risk_n180_m6_g13_s22,dense,180,0.008364000008441508,0,22,0.05091666697990149
0.0069514160277321935,second,correlated_risk,correlated_risk_n180_m6_g13_s22,compressed,180,0.0013818750157952309,0,22,0.008396459044888616
0.006971542024984956,first,correlated_risk,correlated_risk_n180_m6_g13_s22,compressed,180,0.0017003330867737532,1,22,0.008740208926610649
0.04301424999721348,second,correlated_risk,correlated_risk_n180_m6_g13_s22,dense,180,0.0078116669319570065,1,22,0.05087358399759978
0.04262866696808487,first,correlated_risk,correlated_risk_n180_m6_g13_s22,dense,180,0.00810687500052154,2,22,0.05078500008676201
0.006865583010949194,second,correlated_risk,correlated_risk_n180_m6_g13_s22,compressed,180,0.0013379589654505253,2,22,0.008267249912023544
0.00655533408280462,first,correlated_risk,correlated_risk_n180_m6_g13_s22,compressed,180,0.0013317499542608857,3,22,0.007949667051434517
0.042501833057031035,second,correlated_risk,correlated_risk_n180_m6_g13_s22,dense,180,0.007866667001508176,3,22,0.05041858402546495
0.04281154100317508,first,correlated_risk,correlated_risk_n180_m6_g13_s22,dense,180,0.007897541974671185,4,22,0.050755999982357025
0.006955833057872951,second,correlated_risk,correlated_risk_n180_m6_g13_s22,compressed,180,0.0013483340153470635,4,22,0.008373082964681089
0.006745667080394924,first,correlated_risk,correlated_risk_n180_m6_g13_s23,compressed,180,0.001429750001989305,0,23,0.00824029091745615
0.04515200003515929,second,correlated_risk,correlated_risk_n180_m6_g13_s23,dense,180,0.00765487493481487,0,23,0.05285212502349168
0.04334483400452882,first,correlated_risk,correlated_risk_n180_m6_g13_s23,dense,180,0.00791812501847744,1,23,0.05131066695321351
0.00667283299844712,second,correlated_risk,correlated_risk_n180_m6_g13_s23,compressed,180,0.001328666927292943,1,23,0.008064416004344821
0.006626291899010539,first,correlated_risk,correlated_risk_n180_m6_g13_s23,compressed,180,0.0013328749919310212,2,23,0.00801941694226116
0.04383579106070101,second,correlated_risk,correlated_risk_n180_m6_g13_s23,dense,180,0.008229042054153979,2,23,0.05211262498050928
0.043521667015738785,first,correlated_risk,correlated_risk_n180_m6_g13_s23,dense,180,0.007864166982471943,3,23,0.051431374973617494
0.007114041014574468,second,correlated_risk,correlated_risk_n180_m6_g13_s23,compressed,180,0.001375499996356666,3,23,0.008552415994927287
0.006592166959308088,first,correlated_risk,correlated_risk_n180_m6_g13_s23,compressed,180,0.0013924590311944485,4,23,0.00804658408742398
0.04367041599471122,second,correlated_risk,correlated_risk_n180_m6_g13_s23,dense,180,0.0078063750406727195,4,23,0.05152229196392
0.012819583062082529,first,correlated_risk,correlated_risk_n360_m6_g18_s21,compressed,360,0.002467332989908755,0,21,0.015407374943606555
0.08838366600684822,second,correlated_risk,correlated_risk_n360_m6_g18_s21,dense,360,0.01583883399143815,0,21,0.10431225004140288
0.08815983298700303,first,correlated_risk,correlated_risk_n360_m6_g18_s21,dense,360,0.015734916902147233,1,21,0.10398300003726035
0.012992665986530483,second,correlated_risk,correlated_risk_n360_m6_g18_s21,compressed,360,0.002318416954949498,1,21,0.015428499900735915
0.013328875065781176,first,correlated_risk,correlated_risk_n360_m6_g18_s21,compressed,360,0.002305750036612153,2,21,0.015751500031910837
0.08832608303055167,second,correlated_risk,correlated_risk_n360_m6_g18_s21,dense,360,0.015604541054926813,2,21,0.10401825001463294
0.08798283303622156,first,correlated_risk,correlated_risk_n360_m6_g18_s21,dense,360,0.015888625057414174,3,21,0.10395866597536951
0.012921917019411922,second,correlated_risk,correlated_risk_n360_m6_g18_s21,compressed,360,0.0027154169511049986,3,21,0.01576558407396078
0.012903459020890296,first,correlated_risk,correlated_risk_n360_m6_g18_s21,compressed,360,0.0025586250703781843,4,21,0.015579915954731405
0.08857720799278468,second,correlated_risk,correlated_risk_n360_m6_g18_s21,dense,360,0.01625045796390623,4,21,0.10492037504445761
0.09037750004790723,first,correlated_risk,correlated_risk_n360_m6_g18_s22,dense,360,0.01603470800910145,0,22,0.10651541699189693
0.012882624985650182,second,correlated_risk,correlated_risk_n360_m6_g18_s22,compressed,360,0.0025251250481233,0,22,0.015531416982412338
0.01341316697653383,first,correlated_risk,correlated_risk_n360_m6_g18_s22,compressed,360,0.0022974169114604592,1,22,0.015826874994672835
0.09175112505909055,second,correlated_risk,correlated_risk_n360_m6_g18_s22,dense,360,0.016571042011491954,1,22,0.10841258300933987
0.09484675002750009,first,correlated_risk,correlated_risk_n360_m6_g18_s22,dense,360,0.01577379193622619,2,22,0.1107139999512583
0.013016167096793652,second,correlated_risk,correlated_risk_n360_m6_g18_s22,compressed,360,0.002337167039513588,2,22,0.015478999936021864
0.013232709025032818,first,correlated_risk,correlated_risk_n360_m6_g18_s22,compressed,360,0.002505708020180464,3,22,0.015884459018707275
0.0906887500314042,second,correlated_risk,correlated_risk_n360_m6_g18_s22,dense,360,0.0167026249691844,3,22,0.10757012502290308
0.10560537502169609,first,correlated_risk,correlated_risk_n360_m6_g18_s22,dense,360,0.017687750048935413,4,22,0.12339720805175602
0.014136124984361231,second,correlated_risk,correlated_risk_n360_m6_g18_s22,compressed,360,0.0026342920027673244,4,22,0.016902541974559426
0.013013957999646664,first,correlated_risk,correlated_risk_n360_m6_g18_s23,compressed,360,0.0023668339708819985,0,23,0.015496290987357497
0.09058866696432233,second,correlated_risk,correlated_risk_n360_m6_g18_s23,dense,360,0.01614408299792558,0,23,0.10681691602803767
0.09238912502769381,first,correlated_risk,correlated_risk_n360_m6_g18_s23,dense,360,0.015977625036612153,1,23,0.10845987498760223
0.01316904101986438,second,correlated_risk,correlated_risk_n360_m6_g18_s23,compressed,360,0.002651166985742748,1,23,0.015937292017042637
0.012973083066754043,first,correlated_risk,correlated_risk_n360_m6_g18_s23,compressed,360,0.0024203750072047114,2,23,0.015519832959398627
0.0898797910194844,second,correlated_risk,correlated_risk_n360_m6_g18_s23,dense,360,0.015639499993994832,2,23,0.10560416697990149
0.09295533399563283,first,correlated_risk,correlated_risk_n360_m6_g18_s23,dense,360,0.016232292051427066,3,23,0.10928045795299113
0.013542082975618541,second,correlated_risk,correlated_risk_n360_m6_g18_s23,compressed,360,0.002581957960501313,3,23,0.01624300004914403
0.012991375057026744,first,correlated_risk,correlated_risk_n360_m6_g18_s23,compressed,360,0.0022762080188840628,4,23,0.01540095906239003
0.09038049995433539,second,correlated_risk,correlated_risk_n360_m6_g18_s23,dense,360,0.01613887504208833,4,23,0.10660795902367681
0.025616082944907248,first,correlated_risk,correlated_risk_n720_m6_g26_s21,compressed,720,0.0043739170068874955,0,21,0.03020849998574704
0.18257470801472664,second,correlated_risk,correlated_risk_n720_m6_g26_s21,dense,720,0.03201520803850144,0,21,0.21476991602685302
0.18594237498473376,first,correlated_risk,correlated_risk_n720_m6_g26_s21,dense,720,0.03205725003499538,1,21,0.21818004199303687
0.025176167022436857,second,correlated_risk,correlated_risk_n720_m6_g26_s21,compressed,720,0.004221459035761654,1,21,0.029625958995893598
0.02589700010139495,first,correlated_risk,correlated_risk_n720_m6_g26_s21,compressed,720,0.00417574995663017,2,21,0.030327709042467177
0.18257454095873982,second,correlated_risk,correlated_risk_n720_m6_g26_s21,dense,720,0.03185987507458776,2,21,0.21459958306513727
0.18419595807790756,first,correlated_risk,correlated_risk_n720_m6_g26_s21,dense,720,0.032271499978378415,3,21,0.21662766602821648
0.026024999911896884,second,correlated_risk,correlated_risk_n720_m6_g26_s21,compressed,720,0.0041516670025885105,3,21,0.030406832927837968
0.02583212498575449,first,correlated_risk,correlated_risk_n720_m6_g26_s21,compressed,720,0.004314042045734823,4,21,0.03044191701337695
0.1826043330365792,second,correlated_risk,correlated_risk_n720_m6_g26_s21,dense,720,0.032300249906256795,4,21,0.2151209170697257
0.18352420802693814,first,correlated_risk,correlated_risk_n720_m6_g26_s22,dense,720,0.03196995798498392,0,22,0.2156631670659408
0.025549542042426765,second,correlated_risk,correlated_risk_n720_m6_g26_s22,compressed,720,0.004004124901257455,0,22,0.0297784999711439
0.025122666964307427,first,correlated_risk,correlated_risk_n720_m6_g26_s22,compressed,720,0.004129250068217516,1,22,0.029539625043980777
0.18208833294920623,second,correlated_risk,correlated_risk_n720_m6_g26_s22,dense,720,0.03191025007981807,1,22,0.21417766599915922
0.1811712080379948,first,correlated_risk,correlated_risk_n720_m6_g26_s22,dense,720,0.03356870904099196,2,22,0.2149040000513196
0.025226667057722807,second,correlated_risk,correlated_risk_n720_m6_g26_s22,compressed,720,0.0044865000527352095,2,22,0.029944667010568082
0.025151625042781234,first,correlated_risk,correlated_risk_n720_m6_g26_s22,compressed,720,0.004175042035058141,3,22,0.02954016695730388
0.18300058308523148,second,correlated_risk,correlated_risk_n720_m6_g26_s22,dense,720,0.031878915964625776,3,22,0.21503395796753466
0.18612708302680403,first,correlated_risk,correlated_risk_n720_m6_g26_s22,dense,720,0.033536375034600496,4,22,0.21986320801079273
0.02529408293776214,second,correlated_risk,correlated_risk_n720_m6_g26_s22,compressed,720,0.004214790998958051,4,22,0.029735499992966652
0.026115915970876813,first,correlated_risk,correlated_risk_n720_m6_g26_s23,compressed,720,0.005641167052090168,0,23,0.031995833036489785
0.1858830420533195,second,correlated_risk,correlated_risk_n720_m6_g26_s23,dense,720,0.033578582922928035,0,23,0.21963975008111447
0.18515033298172057,first,correlated_risk,correlated_risk_n720_m6_g26_s23,dense,720,0.031511166016571224,1,23,0.21684720797929913
0.026376082911156118,second,correlated_risk,correlated_risk_n720_m6_g26_s23,compressed,720,0.004482832970097661,1,23,0.031084208050742745
0.026811040937900543,first,correlated_risk,correlated_risk_n720_m6_g26_s23,compressed,720,0.00442174996715039,2,23,0.0314733749255538
0.18486795795615762,second,correlated_risk,correlated_risk_n720_m6_g26_s23,dense,720,0.03350533405318856,2,23,0.21855679200962186
0.18328245799057186,first,correlated_risk,correlated_risk_n720_m6_g26_s23,dense,720,0.034067458007484674,3,23,0.21752920805010945
0.025962957995943725,second,correlated_risk,correlated_risk_n720_m6_g26_s23,compressed,720,0.004118666984140873,3,23,0.03029741591308266
0.02606449997983873,first,correlated_risk,correlated_risk_n720_m6_g26_s23,compressed,720,0.004201542004011571,4,23,0.030490207951515913
0.18366420804522932,second,correlated_risk,correlated_risk_n720_m6_g26_s23,dense,720,0.03151483403053135,4,23,0.21537150000222027
0.003599083051085472,first,near_tie,near_tie_n90_m6_g9_s21,compressed,90,0.0008931660559028387,0,21,0.004531667102128267
0.022869625012390316,second,near_tie,near_tie_n90_m6_g9_s21,dense,90,0.0039970409125089645,0,21,0.026892833062447608
0.02368591702543199,first,near_tie,near_tie_n90_m6_g9_s21,dense,90,0.004472541040740907,1,21,0.028191041899845004
0.0037522499915212393,second,near_tie,near_tie_n90_m6_g9_s21,compressed,90,0.0008721660124137998,1,21,0.004663083935156465
0.00373933301307261,first,near_tie,near_tie_n90_m6_g9_s21,compressed,90,0.0009748749434947968,2,21,0.004757417016662657
0.023400583071634173,second,near_tie,near_tie_n90_m6_g9_s21,dense,90,0.0038923750398680568,2,21,0.02731820789631456
0.022710791090503335,first,near_tie,near_tie_n90_m6_g9_s21,dense,90,0.003916165907867253,3,21,0.02665358397644013
0.003900832962244749,second,near_tie,near_tie_n90_m6_g9_s21,compressed,90,0.0010528750717639923,3,21,0.004994041984900832
0.0033834580099210143,first,near_tie,near_tie_n90_m6_g9_s21,compressed,90,0.000951124937273562,4,21,0.004373791976831853
0.02281724999193102,second,near_tie,near_tie_n90_m6_g9_s21,dense,90,0.00427387491799891,4,21,0.027121625025756657
0.0228110000025481,first,near_tie,near_tie_n90_m6_g9_s22,dense,90,0.004256417043507099,0,22,0.027096834033727646
0.0039417080115526915,second,near_tie,near_tie_n90_m6_g9_s22,compressed,90,0.0009080839809030294,0,22,0.004887541988864541
0.0037612500600516796,first,near_tie,near_tie_n90_m6_g9_s22,compressed,90,0.0009172089630737901,1,22,0.0047181249829009175
0.02266087499447167,second,near_tie,near_tie_n90_m6_g9_s22,dense,90,0.004295041901059449,1,22,0.026986207929439843
0.02273766603320837,first,near_tie,near_tie_n90_m6_g9_s22,dense,90,0.004002834088169038,2,22,0.026767542003653944
0.004093709052540362,second,near_tie,near_tie_n90_m6_g9_s22,compressed,90,0.0009161249035969377,2,22,0.0050507920095697045
0.0037482919869944453,first,near_tie,near_tie_n90_m6_g9_s22,compressed,90,0.0008594579994678497,3,22,0.004649083013646305
0.02289862500037998,second,near_tie,near_tie_n90_m6_g9_s22,dense,90,0.004168916027992964,3,22,0.027097332989796996
0.023009416996501386,first,near_tie,near_tie_n90_m6_g9_s22,dense,90,0.0044741249876096845,4,22,0.027518291026353836
0.00360379193443805,second,near_tie,near_tie_n90_m6_g9_s22,compressed,90,0.00128454202786088,4,22,0.004941166960634291
0.004018957959488034,first,near_tie,near_tie_n90_m6_g9_s23,compressed,90,0.0009347919840365648,0,23,0.004992583068087697
0.02329191693570465,second,near_tie,near_tie_n90_m6_g9_s23,dense,90,0.003886166960000992,0,23,0.027204458019696176
0.022506958921439946,first,near_tie,near_tie_n90_m6_g9_s23,dense,90,0.004254583036527038,1,23,0.026788208982907236
0.00360195804387331,second,near_tie,near_tie_n90_m6_g9_s23,compressed,90,0.0010182500118389726,1,23,0.004657416953705251
0.004056958016008139,first,near_tie,near_tie_n90_m6_g9_s23,compressed,90,0.0008885839488357306,2,23,0.00498291605617851
0.02276833401992917,second,near_tie,near_tie_n90_m6_g9_s23,dense,90,0.003906666999682784,2,23,0.02670287503860891
0.023691041977144778,first,near_tie,near_tie_n90_m6_g9_s23,dense,90,0.004456666065379977,3,23,0.028178207925520837
0.0035718330182135105,second,near_tie,near_tie_n90_m6_g9_s23,compressed,90,0.0009037499548867345,3,23,0.0045129170175641775
0.0034432910615578294,first,near_tie,near_tie_n90_m6_g9_s23,compressed,90,0.0008850410813465714,4,23,0.0043645830592140555
0.023308458970859647,second,near_tie,near_tie_n90_m6_g9_s23,dense,90,0.004052042029798031,4,23,0.027386417030356824
0.007070707972161472,first,near_tie,near_tie_n180_m6_g13_s21,compressed,180,0.0013498329790309072,0,21,0.008483959012664855
0.046005249954760075,second,near_tie,near_tie_n180_m6_g13_s21,dense,180,0.008025582996197045,0,21,0.05407558404840529
0.047039291937835515,first,near_tie,near_tie_n180_m6_g13_s21,dense,180,0.00815604196395725,1,21,0.0552444999339059
0.006740415934473276,second,near_tie,near_tie_n180_m6_g13_s21,compressed,180,0.0013438339810818434,1,21,0.008148084045387805
0.0065840419847518206,first,near_tie,near_tie_n180_m6_g13_s21,compressed,180,0.0014697919832542539,2,21,0.008121416089124978
0.04646224994212389,second,near_tie,near_tie_n180_m6_g13_s21,dense,180,0.007916750037111342,2,21,0.05443045904394239
0.04575587506406009,first,near_tie,near_tie_n180_m6_g13_s21,dense,180,0.00831137492787093,3,21,0.05411841708701104
0.006444917060434818,second,near_tie,near_tie_n180_m6_g13_s21,compressed,180,0.001460083993151784,3,21,0.007969458005391061
0.007778375060297549,first,near_tie,near_tie_n180_m6_g13_s21,compressed,180,0.0016519580967724323,4,21,0.009579916018992662
0.04650554095860571,second,near_tie,near_tie_n180_m6_g13_s21,dense,180,0.007885125000029802,4,21,0.05448699998669326
0.04676987498532981,first,near_tie,near_tie_n180_m6_g13_s22,dense,180,0.008012416074052453,0,22,0.054828207939863205
0.006898916908539832,second,near_tie,near_tie_n180_m6_g13_s22,compressed,180,0.001371458056382835,0,22,0.00833550002425909
0.006764458958059549,first,near_tie,near_tie_n180_m6_g13_s22,compressed,180,0.0014909999445080757,1,22,0.008323249989189208
0.04648625000845641,second,near_tie,near_tie_n180_m6_g13_s22,dense,180,0.008098999969661236,1,22,0.05464012501761317
0.04672262503299862,first,near_tie,near_tie_n180_m6_g13_s22,dense,180,0.007996083004400134,2,22,0.05477124999742955
0.006504999939352274,second,near_tie,near_tie_n180_m6_g13_s22,compressed,180,0.0013668329920619726,2,22,0.007936542038805783
0.006812707986682653,first,near_tie,near_tie_n180_m6_g13_s22,compressed,180,0.001357249915599823,3,22,0.008236082969233394
0.04534750001039356,second,near_tie,near_tie_n180_m6_g13_s22,dense,180,0.007804666995070875,3,22,0.05319825001060963
0.044826166005805135,first,near_tie,near_tie_n180_m6_g13_s22,dense,180,0.00784504204057157,4,22,0.05271487508434802
0.006587708019651473,second,near_tie,near_tie_n180_m6_g13_s22,compressed,180,0.0013295419048517942,4,22,0.007982665905728936
0.006731583038344979,first,near_tie,near_tie_n180_m6_g13_s23,compressed,180,0.0013518340419977903,0,23,0.008146499982103705
0.04800162499304861,second,near_tie,near_tie_n180_m6_g13_s23,dense,180,0.008343084016814828,0,23,0.056390417041257024
0.047092000022530556,first,near_tie,near_tie_n180_m6_g13_s23,dense,180,0.007736375089734793,1,23,0.05487554206047207
0.006737624993547797,second,near_tie,near_tie_n180_m6_g13_s23,compressed,180,0.0013318329583853483,1,23,0.008133208029903471
0.006605708040297031,first,near_tie,near_tie_n180_m6_g13_s23,compressed,180,0.0013574589975178242,2,23,0.008029290940612555
0.04534116596914828,second,near_tie,near_tie_n180_m6_g13_s23,dense,180,0.008106290944851935,2,23,0.05349558393936604
0.04809487494640052,first,near_tie,near_tie_n180_m6_g13_s23,dense,180,0.007760667009279132,3,23,0.05590262496843934
0.006497332942672074,second,near_tie,near_tie_n180_m6_g13_s23,compressed,180,0.001393917016685009,3,23,0.0079937499249354
0.006665833992883563,first,near_tie,near_tie_n180_m6_g13_s23,compressed,180,0.0013842500047758222,4,23,0.00811658299062401
0.045729959034360945,second,near_tie,near_tie_n180_m6_g13_s23,dense,180,0.007954125059768558,4,23,0.053779790992848575
0.01297020900528878,first,near_tie,near_tie_n360_m6_g18_s21,compressed,360,0.0024970000376924872,0,21,0.015592125011608005
0.09087487496435642,second,near_tie,near_tie_n360_m6_g18_s21,dense,360,0.016219291021116078,0,21,0.10718170797917992
0.09104337496683002,first,near_tie,near_tie_n360_m6_g18_s21,dense,360,0.016061707981862128,1,21,0.10719287500251085
0.012961500091478229,second,near_tie,near_tie_n360_m6_g18_s21,compressed,360,0.0023335410514846444,1,21,0.01541733299382031
0.01292462507262826,first,near_tie,near_tie_n360_m6_g18_s21,compressed,360,0.002582125016488135,2,21,0.01562579197343439
0.09114216710440814,second,near_tie,near_tie_n360_m6_g18_s21,dense,360,0.016222500009462237,2,21,0.1074537499807775
0.09420925006270409,first,near_tie,near_tie_n360_m6_g18_s21,dense,360,0.015475833090022206,3,21,0.10977287509012967
0.012707083951681852,second,near_tie,near_tie_n360_m6_g18_s21,compressed,360,0.002415791037492454,3,21,0.015243166941218078
0.01290758396498859,first,near_tie,near_tie_n360_m6_g18_s21,compressed,360,0.0022807909408584237,4,21,0.015317457960918546
0.09084333304781467,second,near_tie,near_tie_n360_m6_g18_s21,dense,360,0.015856209094636142,4,21,0.10679158300627023
0.09103241609409451,first,near_tie,near_tie_n360_m6_g18_s22,dense,360,0.017005208996124566,0,22,0.10812783392611891
0.013261000043712556,second,near_tie,near_tie_n360_m6_g18_s22,compressed,360,0.0022412920370697975,0,22,0.015615499927662313
0.012964167050085962,first,near_tie,near_tie_n360_m6_g18_s22,compressed,360,0.0022024160716682673,1,22,0.01527700002770871
0.09199179196730256,second,near_tie,near_tie_n360_m6_g18_s22,dense,360,0.01632033404894173,1,22,0.10841370804701
0.09013483300805092,first,near_tie,near_tie_n360_m6_g18_s22,dense,360,0.0161127089522779,2,22,0.10633612505625933
0.012901291018351912,second,near_tie,near_tie_n360_m6_g18_s22,compressed,360,0.002249334007501602,2,22,0.015265207970514894
0.012879458954557776,first,near_tie,near_tie_n360_m6_g18_s22,compressed,360,0.002378041041083634,3,22,0.01537737506441772
0.09194287506397814,second,near_tie,near_tie_n360_m6_g18_s22,dense,360,0.016185500076971948,3,22,0.1082127500558272
0.09298629104159772,first,near_tie,near_tie_n360_m6_g18_s22,dense,360,0.016142666921950877,4,22,0.10921679204329848
0.013320666970685124,second,near_tie,near_tie_n360_m6_g18_s22,compressed,360,0.002390707959420979,4,22,0.015848082955926657
0.013339709024876356,first,near_tie,near_tie_n360_m6_g18_s23,compressed,360,0.0022886249935254455,0,23,0.015746292076073587
0.1010538749396801,second,near_tie,near_tie_n360_m6_g18_s23,dense,360,0.018207750050351024,0,23,0.119451625039801
0.10712404199875891,first,near_tie,near_tie_n360_m6_g18_s23,dense,360,0.021837832988239825,1,23,0.12911733298096806
0.01559995801653713,second,near_tie,near_tie_n360_m6_g18_s23,compressed,360,0.003061833092942834,1,23,0.018854208989068866
0.015562959015369415,first,near_tie,near_tie_n360_m6_g18_s23,compressed,360,0.0023512920597568154,2,23,0.01803854200989008
0.10387429094407707,second,near_tie,near_tie_n360_m6_g18_s23,dense,360,0.018437082995660603,2,23,0.12240170896984637
0.17194641602691263,first,near_tie,near_tie_n360_m6_g18_s23,dense,360,0.01699620799627155,3,23,0.18905825004912913
0.014767541084438562,second,near_tie,near_tie_n360_m6_g18_s23,compressed,360,0.003204583888873458,3,23,0.01809945795685053
0.01551916601601988,first,near_tie,near_tie_n360_m6_g18_s23,compressed,360,0.002698417054489255,4,23,0.018469749949872494
0.10646450007334352,second,near_tie,near_tie_n360_m6_g18_s23,dense,360,0.020224667037837207,4,23,0.1267947080777958
0.025768416933715343,first,near_tie,near_tie_n720_m6_g26_s21,compressed,720,0.004492666106671095,0,21,0.030498582986183465
0.18661341606639326,second,near_tie,near_tie_n720_m6_g26_s21,dense,720,0.0316019169986248,0,21,0.2183978749671951
0.18404516601003706,first,near_tie,near_tie_n720_m6_g26_s21,dense,720,0.03228449996095151,1,21,0.21649187500588596
0.02654295798856765,second,near_tie,near_tie_n720_m6_g26_s21,compressed,720,0.004165208083577454,1,21,0.030945915961638093
0.025305500021204352,first,near_tie,near_tie_n720_m6_g26_s21,compressed,720,0.004524957970716059,2,21,0.030082750017754734
0.18429883301723748,second,near_tie,near_tie_n720_m6_g26_s21,dense,720,0.03173812502063811,2,21,0.2161989170126617
0.18029295792803168,first,near_tie,near_tie_n720_m6_g26_s21,dense,720,0.03187762503512204,3,21,0.21234358299989253
0.026442334055900574,second,near_tie,near_tie_n720_m6_g26_s21,compressed,720,0.004216208006255329,3,21,0.030881665996275842
0.025141917052678764,first,near_tie,near_tie_n720_m6_g26_s21,compressed,720,0.004364166990853846,4,21,0.029730584006756544
0.20075033302418888,second,near_tie,near_tie_n720_m6_g26_s21,dense,720,0.03453183302190155,4,21,0.23550904192961752
0.19489016698207706,first,near_tie,near_tie_n720_m6_g26_s22,dense,720,0.03377608291339129,0,22,0.22883262496907264
0.026908500003628433,second,near_tie,near_tie_n720_m6_g26_s22,compressed,720,0.004758374998345971,0,22,0.03190241602715105
0.027552499901503325,first,near_tie,near_tie_n720_m6_g26_s22,compressed,720,0.004528625053353608,1,22,0.03231575002428144
0.2097190839704126,second,near_tie,near_tie_n720_m6_g26_s22,dense,720,0.04413037502672523,1,22,0.2543052090331912
0.2513643749989569,first,near_tie,near_tie_n720_m6_g26_s22,dense,720,0.03510291606653482,2,22,0.28665404103230685
0.028650457970798016,second,near_tie,near_tie_n720_m6_g26_s22,compressed,720,0.0048065000446513295,2,22,0.03376458305865526
0.03055725002195686,first,near_tie,near_tie_n720_m6_g26_s22,compressed,720,0.004937708959914744,3,22,0.0358353330520913
0.2615559169789776,second,near_tie,near_tie_n720_m6_g26_s22,dense,720,0.03631008299998939,3,22,0.29819579201284796
0.20409916690550745,first,near_tie,near_tie_n720_m6_g26_s22,dense,720,0.03657262504566461,4,22,0.24086454208008945
0.02877400000579655,second,near_tie,near_tie_n720_m6_g26_s22,compressed,720,0.004818583023734391,4,22,0.03382495790719986
0.04157633299473673,first,near_tie,near_tie_n720_m6_g26_s23,compressed,720,0.0062156249769032,0,23,0.048119917046278715
0.21527629089541733,second,near_tie,near_tie_n720_m6_g26_s23,dense,720,0.04316612507682294,0,23,0.25866445805877447
0.268138499930501,first,near_tie,near_tie_n720_m6_g26_s23,dense,720,0.04182095802389085,1,23,0.31021179200615734
0.03380570898298174,second,near_tie,near_tie_n720_m6_g26_s23,compressed,720,0.00532458396628499,1,23,0.039509834023192525
0.0313180839875713,first,near_tie,near_tie_n720_m6_g26_s23,compressed,720,0.005014791968278587,2,23,0.0367774999467656
0.2429860410047695,second,near_tie,near_tie_n720_m6_g26_s23,dense,720,0.03713170893024653,2,23,0.2803547920193523
0.29238779202569276,first,near_tie,near_tie_n720_m6_g26_s23,dense,720,0.05103545798920095,3,23,0.3436381670180708
0.033121083048172295,second,near_tie,near_tie_n720_m6_g26_s23,compressed,720,0.005344750010408461,3,23,0.038714832975529134
0.0318249580450356,first,near_tie,near_tie_n720_m6_g26_s23,compressed,720,0.004858291009441018,4,23,0.036920332931913435
0.1977477080654353,second,near_tie,near_tie_n720_m6_g26_s23,dense,720,0.03596437501255423,4,23,0.23390750004909933
0.004837917047552764,first,many_breakpoints,many_breakpoints_n90_m6_g9_s21,compressed,90,0.0011129999766126275,0,21,0.00599458406213671
0.4147595410468057,second,many_breakpoints,many_breakpoints_n90_m6_g9_s21,dense,90,0.01428624999243766,0,21,0.42907920794095844
0.4058813749579713,first,many_breakpoints,many_breakpoints_n90_m6_g9_s21,dense,90,0.014935832936316729,1,21,0.420854291995056
0.003580041928216815,second,many_breakpoints,many_breakpoints_n90_m6_g9_s21,compressed,90,0.0009703750256448984,1,21,0.004588250070810318
0.003459500032477081,first,many_breakpoints,many_breakpoints_n90_m6_g9_s21,compressed,90,0.0009481669403612614,2,21,0.004444875055924058
0.41374412504956126,second,many_breakpoints,many_breakpoints_n90_m6_g9_s21,dense,90,0.015301916981115937,2,21,0.4290806669741869
0.41855620802380145,first,many_breakpoints,many_breakpoints_n90_m6_g9_s21,dense,90,0.015460250084288418,3,21,0.43406116601545364
0.0035337909357622266,second,many_breakpoints,many_breakpoints_n90_m6_g9_s21,compressed,90,0.001095958985388279,3,21,0.004668415989726782
0.004422958008944988,first,many_breakpoints,many_breakpoints_n90_m6_g9_s21,compressed,90,0.0009704589610919356,4,21,0.005439041997306049
0.41615525004453957,second,many_breakpoints,many_breakpoints_n90_m6_g9_s21,dense,90,0.01480945898219943,4,21,0.43100241699721664
0.4004766669822857,first,many_breakpoints,many_breakpoints_n90_m6_g9_s22,dense,90,0.015198707929812372,0,22,0.41571216692682356
0.0035170840565115213,second,many_breakpoints,many_breakpoints_n90_m6_g9_s22,compressed,90,0.0010596249485388398,0,22,0.00462083297315985
0.0036737500922754407,first,many_breakpoints,many_breakpoints_n90_m6_g9_s22,compressed,90,0.0013280418934300542,1,22,0.005069208098575473
0.4082934999605641,second,many_breakpoints,many_breakpoints_n90_m6_g9_s22,dense,90,0.014397207996807992,1,22,0.4227266249945387
0.4092672918923199,first,many_breakpoints,many_breakpoints_n90_m6_g9_s22,dense,90,0.014886250020936131,2,22,0.42418745800387114
0.003593459026888013,second,many_breakpoints,many_breakpoints_n90_m6_g9_s22,compressed,90,0.0010011669946834445,2,22,0.00463316694367677
0.003533791983500123,first,many_breakpoints,many_breakpoints_n90_m6_g9_s22,compressed,90,0.0009640828939154744,3,22,0.004538125009275973
0.396927084075287,second,many_breakpoints,many_breakpoints_n90_m6_g9_s22,dense,90,0.014480166952125728,3,22,0.41144316690042615
0.38858787494245917,first,many_breakpoints,many_breakpoints_n90_m6_g9_s22,dense,90,0.014527917024679482,4,22,0.40315224998630583
0.0038217499386519194,second,many_breakpoints,many_breakpoints_n90_m6_g9_s22,compressed,90,0.0013511249562725425,4,22,0.005213874974288046
0.0035446659894660115,first,many_breakpoints,many_breakpoints_n90_m6_g9_s23,compressed,90,0.0009922919562086463,0,23,0.004576749983243644
0.38886962505057454,second,many_breakpoints,many_breakpoints_n90_m6_g9_s23,dense,90,0.014415874960832298,0,23,0.4033218330005184
0.43603020801674575,first,many_breakpoints,many_breakpoints_n90_m6_g9_s23,dense,90,0.014267291990108788,1,23,0.45033833396155387
0.0037088749231770635,second,many_breakpoints,many_breakpoints_n90_m6_g9_s23,compressed,90,0.0009726249845698476,1,23,0.004719458054751158
0.0034962090430781245,first,many_breakpoints,many_breakpoints_n90_m6_g9_s23,compressed,90,0.0009474999969825149,2,23,0.0044813749846071005
0.388539541978389,second,many_breakpoints,many_breakpoints_n90_m6_g9_s23,dense,90,0.014438459067605436,2,23,0.4030104170087725
0.3870785830076784,first,many_breakpoints,many_breakpoints_n90_m6_g9_s23,dense,90,0.014172874973155558,3,23,0.40128754102624953
0.0035047499695792794,second,many_breakpoints,many_breakpoints_n90_m6_g9_s23,compressed,90,0.0012268329737707973,3,23,0.004769750055857003
0.003483541077002883,first,many_breakpoints,many_breakpoints_n90_m6_g9_s23,compressed,90,0.0009539159946143627,4,23,0.0044737920397892594
0.42023079097270966,second,many_breakpoints,many_breakpoints_n90_m6_g9_s23,dense,90,0.015527750016190112,4,23,0.43579816701821983
0.007131083984859288,first,many_breakpoints,many_breakpoints_n180_m6_g13_s21,compressed,180,0.0016529579879716039,0,21,0.008852333994582295
1.5833104581106454,second,many_breakpoints,many_breakpoints_n180_m6_g13_s21,dense,180,0.052544499980285764,0,21,1.6360044169705361
1.614018875057809,first,many_breakpoints,many_breakpoints_n180_m6_g13_s21,dense,180,0.05243341694585979,1,21,1.6665442080702633
0.007444083923473954,second,many_breakpoints,many_breakpoints_n180_m6_g13_s21,compressed,180,0.0016270000487565994,1,21,0.00914091698359698
0.007722457987256348,first,many_breakpoints,many_breakpoints_n180_m6_g13_s21,compressed,180,0.0020172499353066087,2,21,0.009809750015847385
1.6528371250024065,second,many_breakpoints,many_breakpoints_n180_m6_g13_s21,dense,180,0.05528137495275587,2,21,1.7082240420859307
1.6303051660070196,first,many_breakpoints,many_breakpoints_n180_m6_g13_s21,dense,180,0.053044124972075224,3,21,1.6834431670140475
0.0072745829820632935,second,many_breakpoints,many_breakpoints_n180_m6_g13_s21,compressed,180,0.0016635839128866792,3,21,0.009011875023134053
0.007248374982737005,first,many_breakpoints,many_breakpoints_n180_m6_g13_s21,compressed,180,0.0015502918977290392,4,21,0.008862874936312437
1.5945135839283466,second,many_breakpoints,many_breakpoints_n180_m6_g13_s21,dense,180,0.051228541997261345,4,21,1.6458346659783274
1.6133555000415072,first,many_breakpoints,many_breakpoints_n180_m6_g13_s22,dense,180,0.05199966696090996,0,22,1.6654630829580128
0.007352540967985988,second,many_breakpoints,many_breakpoints_n180_m6_g13_s22,compressed,180,0.0015922909369692206,0,22,0.009016041993163526
0.006961707957088947,first,many_breakpoints,many_breakpoints_n180_m6_g13_s22,compressed,180,0.0016652499325573444,1,22,0.008692374918609858
1.6438273749081418,second,many_breakpoints,many_breakpoints_n180_m6_g13_s22,dense,180,0.054704333073459566,1,22,1.6986337919952348
1.6285874999593943,first,many_breakpoints,many_breakpoints_n180_m6_g13_s22,dense,180,0.05650583398528397,2,22,1.6852640840224922
0.007698292029090226,second,many_breakpoints,many_breakpoints_n180_m6_g13_s22,compressed,180,0.001779290963895619,2,22,0.009577000048011541
0.007699833018705249,first,many_breakpoints,many_breakpoints_n180_m6_g13_s22,compressed,180,0.001732666976749897,3,22,0.009500167099758983
1.6356137919938192,second,many_breakpoints,many_breakpoints_n180_m6_g13_s22,dense,180,0.05085512495134026,3,22,1.6865601659519598
1.5958329590503126,first,many_breakpoints,many_breakpoints_n180_m6_g13_s22,dense,180,0.055421500001102686,4,22,1.651348999934271
0.008398291072808206,second,many_breakpoints,many_breakpoints_n180_m6_g13_s22,compressed,180,0.0016335829859599471,4,22,0.010129667003639042
0.008361165993846953,first,many_breakpoints,many_breakpoints_n180_m6_g13_s23,compressed,180,0.0017417500494048,0,23,0.010168542037717998
1.6936728339642286,second,many_breakpoints,many_breakpoints_n180_m6_g13_s23,dense,180,0.05246562499087304,0,23,1.7462324160151184
1.605761916958727,first,many_breakpoints,many_breakpoints_n180_m6_g13_s23,dense,180,0.05537108308635652,1,23,1.6612357080448419
0.007478750078007579,second,many_breakpoints,many_breakpoints_n180_m6_g13_s23,compressed,180,0.0015021670842543244,1,23,0.009045291924849153
0.00689025002066046,first,many_breakpoints,many_breakpoints_n180_m6_g13_s23,compressed,180,0.0019467910751700401,2,23,0.008929583011195064
1.5879959999583662,second,many_breakpoints,many_breakpoints_n180_m6_g13_s23,dense,180,0.051100666052661836,2,23,1.6391858329297975
1.5771730829728767,first,many_breakpoints,many_breakpoints_n180_m6_g13_s23,dense,180,0.05146754195448011,3,23,1.628734749974683
0.006947667105123401,second,many_breakpoints,many_breakpoints_n180_m6_g13_s23,compressed,180,0.0015087909996509552,3,23,0.008525707991793752
0.0067076669074594975,first,many_breakpoints,many_breakpoints_n180_m6_g13_s23,compressed,180,0.0016057910397648811,4,23,0.008375708013772964
1.5715664580930024,second,many_breakpoints,many_breakpoints_n180_m6_g13_s23,dense,180,0.051474542007781565,4,23,1.6231375420466065
0.013558250037021935,first,many_breakpoints,many_breakpoints_n360_m6_g18_s21,compressed,360,0.0027401670813560486,0,21,0.016414500074461102
6.390842624939978,second,many_breakpoints,many_breakpoints_n360_m6_g18_s21,dense,360,0.18552212498616427,0,21,6.576595584047027
6.355771415983327,first,many_breakpoints,many_breakpoints_n360_m6_g18_s21,dense,360,0.18423350004013628,1,21,6.540185541030951
0.013362708035856485,second,many_breakpoints,many_breakpoints_n360_m6_g18_s21,compressed,360,0.0027183329220861197,1,21,0.01619470794685185
0.01330195798072964,first,many_breakpoints,many_breakpoints_n360_m6_g18_s21,compressed,360,0.0026654580142349005,2,21,0.016078417073003948
6.4570919999387115,second,many_breakpoints,many_breakpoints_n360_m6_g18_s21,dense,360,0.1874122500885278,2,21,6.644688833039254
6.355445125023834,first,many_breakpoints,many_breakpoints_n360_m6_g18_s21,dense,360,0.18627783400006592,3,21,6.541898750001565
0.013040458085015416,second,many_breakpoints,many_breakpoints_n360_m6_g18_s21,compressed,360,0.002751625026576221,3,21,0.01590808294713497
0.012858750065788627,first,many_breakpoints,many_breakpoints_n360_m6_g18_s21,compressed,360,0.002765499986708164,4,21,0.015746208024211228
6.384095916990191,second,many_breakpoints,many_breakpoints_n360_m6_g18_s21,dense,360,0.18394849996548146,4,21,6.5682248750235885
6.808224207954481,first,many_breakpoints,many_breakpoints_n360_m6_g18_s22,dense,360,0.19236666709184647,0,22,7.000777292065322
0.013757208012975752,second,many_breakpoints,many_breakpoints_n360_m6_g18_s22,compressed,360,0.002854582970030606,0,22,0.016737040947191417
0.01471337501425296,first,many_breakpoints,many_breakpoints_n360_m6_g18_s22,compressed,360,0.0028293749783188105,1,22,0.017666000057943165
6.761940041091293,second,many_breakpoints,many_breakpoints_n360_m6_g18_s22,dense,360,0.1852549579925835,1,22,6.9473880409495905
6.688498624949716,first,many_breakpoints,many_breakpoints_n360_m6_g18_s22,dense,360,0.18602470797486603,2,22,6.874705791007727
0.013893707888200879,second,many_breakpoints,many_breakpoints_n360_m6_g18_s22,compressed,360,0.002996124909259379,2,22,0.01700820797123015
0.01393729099072516,first,many_breakpoints,many_breakpoints_n360_m6_g18_s22,compressed,360,0.002849375014193356,3,22,0.01691624999511987
6.601484375074506,second,many_breakpoints,many_breakpoints_n360_m6_g18_s22,dense,360,0.18502445903141052,3,22,6.786699292017147
6.6413775000255555,first,many_breakpoints,many_breakpoints_n360_m6_g18_s22,dense,360,0.19175312505103648,4,22,6.833300375030376
0.014015750028192997,second,many_breakpoints,many_breakpoints_n360_m6_g18_s22,compressed,360,0.0028125420212745667,4,22,0.016949416021816432
0.014041832997463644,first,many_breakpoints,many_breakpoints_n360_m6_g18_s23,compressed,360,0.003074374981224537,0,23,0.017243040958419442
6.826013374957256,second,many_breakpoints,many_breakpoints_n360_m6_g18_s23,dense,360,0.19514233293011785,0,23,7.021328417002223
6.742054415983148,first,many_breakpoints,many_breakpoints_n360_m6_g18_s23,dense,360,0.18574933300260454,1,23,6.928253290941939
0.013944166013970971,second,many_breakpoints,many_breakpoints_n360_m6_g18_s23,compressed,360,0.0027996249264106154,1,23,0.016864583012647927
0.01422795804683119,first,many_breakpoints,many_breakpoints_n360_m6_g18_s23,compressed,360,0.0029492080211639404,2,23,0.017296042060479522
7.033425333094783,second,many_breakpoints,many_breakpoints_n360_m6_g18_s23,dense,360,0.19980691699311137,2,23,7.233412542031147
6.965681875008158,first,many_breakpoints,many_breakpoints_n360_m6_g18_s23,dense,360,0.2059646249981597,3,23,7.171929917065427
0.013881916995160282,second,many_breakpoints,many_breakpoints_n360_m6_g18_s23,compressed,360,0.002695417031645775,3,23,0.016701290966011584
0.017801875015720725,first,many_breakpoints,many_breakpoints_n360_m6_g18_s23,compressed,360,0.003533416078425944,4,23,0.021490874933078885
7.13023112504743,second,many_breakpoints,many_breakpoints_n360_m6_g18_s23,dense,360,0.1866335419472307,4,23,7.317112582968548
0.02911033295094967,first,many_breakpoints,many_breakpoints_n720_m6_g26_s21,compressed,720,0.006414875038899481,0,21,0.03585149999707937
31.086986249894835,second,many_breakpoints,many_breakpoints_n720_m6_g26_s21,dense,720,0.740105792065151,0,21,31.827503375010565
29.532860334031284,first,many_breakpoints,many_breakpoints_n720_m6_g26_s21,dense,720,0.7145516669843346,1,21,30.24778683297336
0.027767457999289036,second,many_breakpoints,many_breakpoints_n720_m6_g26_s21,compressed,720,0.005593374953605235,1,21,0.03360033291392028
0.026184584014117718,first,many_breakpoints,many_breakpoints_n720_m6_g26_s21,compressed,720,0.00571149995084852,2,21,0.03213083290029317
28.231019291095436,second,many_breakpoints,many_breakpoints_n720_m6_g26_s21,dense,720,0.7573581670876592,2,21,28.98882158298511
27.629417832940817,first,many_breakpoints,many_breakpoints_n720_m6_g26_s21,dense,720,0.7594357500784099,3,21,28.389478208962828
0.03094812505878508,second,many_breakpoints,many_breakpoints_n720_m6_g26_s21,compressed,720,0.006196832982823253,3,21,0.03750779200345278
0.028247375041246414,first,many_breakpoints,many_breakpoints_n720_m6_g26_s21,compressed,720,0.007149084005504847,4,21,0.03565504204016179
28.603171374998055,second,many_breakpoints,many_breakpoints_n720_m6_g26_s21,dense,720,0.7386942090233788,4,21,29.342508499976248
26.53395445807837,first,many_breakpoints,many_breakpoints_n720_m6_g26_s22,dense,720,0.6762109160190448,0,22,27.210571167059243
0.02522133302409202,second,many_breakpoints,many_breakpoints_n720_m6_g26_s22,compressed,720,0.0055516669526696205,0,22,0.030990791972726583
0.02481462503783405,first,many_breakpoints,many_breakpoints_n720_m6_g26_s22,compressed,720,0.0055672499584034085,1,22,0.030599459074437618
25.639234208036214,second,many_breakpoints,many_breakpoints_n720_m6_g26_s22,dense,720,0.6766127499286085,1,22,26.3162200829247
24.26767208299134,first,many_breakpoints,many_breakpoints_n720_m6_g26_s22,dense,720,0.6824985829880461,2,22,24.950499332975596
0.02558370807673782,second,many_breakpoints,many_breakpoints_n720_m6_g26_s22,compressed,720,0.005593750043772161,2,22,0.03140166704542935
0.024992540944367647,first,many_breakpoints,many_breakpoints_n720_m6_g26_s22,compressed,720,0.005521125043742359,3,22,0.0307307920884341
23.818700541974977,second,many_breakpoints,many_breakpoints_n720_m6_g26_s22,dense,720,0.6743883329909295,3,22,24.493392165983096
23.726510499953292,first,many_breakpoints,many_breakpoints_n720_m6_g26_s22,dense,720,0.6782831250457093,4,22,24.405122916097753
0.0249634999781847,second,many_breakpoints,many_breakpoints_n720_m6_g26_s22,compressed,720,0.0055169169791042805,4,22,0.030695082969032228
0.024847083957865834,first,many_breakpoints,many_breakpoints_n720_m6_g26_s23,compressed,720,0.005508749978616834,0,23,0.03057254198938608
23.685928124934435,second,many_breakpoints,many_breakpoints_n720_m6_g26_s23,dense,720,0.6810498329577968,0,23,24.367288542096503
25.04659779195208,first,many_breakpoints,many_breakpoints_n720_m6_g26_s23,dense,720,0.689526250003837,1,23,25.736533416085877
0.026407834026031196,second,many_breakpoints,many_breakpoints_n720_m6_g26_s23,compressed,720,0.006243291893042624,1,23,0.032913916977122426
0.02663666696753353,first,many_breakpoints,many_breakpoints_n720_m6_g26_s23,compressed,720,0.0056125420378521085,2,23,0.03246979194227606
24.027845332981087,second,many_breakpoints,many_breakpoints_n720_m6_g26_s23,dense,720,0.677603582968004,2,23,24.70575233292766
23.53400937502738,first,many_breakpoints,many_breakpoints_n720_m6_g26_s23,dense,720,0.6799894999712706,3,23,24.21432037500199
0.02659812499769032,second,many_breakpoints,many_breakpoints_n720_m6_g26_s23,compressed,720,0.005586916930042207,3,23,0.03242079191841185
0.024805666995234787,first,many_breakpoints,many_breakpoints_n720_m6_g26_s23,compressed,720,0.005494790966622531,4,23,0.030518375104293227
23.62750750000123,second,many_breakpoints,many_breakpoints_n720_m6_g26_s23,dense,720,0.6770545829785988,4,23,24.30487095809076
