family,groups,seed,repeat,order_index,method,status,certified,objective,upper_bound,relative_gap,seconds,nodes,theta_integer_solves,interval_bound_evaluations,interval_splits,thresholds_covered_by_prunes
dense_frontier,30,0,0,0,enumeration,optimal,True,732.3416010978427,732.3416010978427,0.0,0.11223179195076227,90,3,0,0,23
dense_frontier,30,0,0,1,scip,optimal,True,732.3416010978427,732.3416010978427,0.0,0.1048210000153631,1,0,0,0,0
dense_frontier,30,0,0,2,envelope,optimal,True,732.3416010978427,732.3416010978427,0.0,0.11683254200033844,90,6,11,5,23
dense_frontier,30,0,0,3,clique,optimal,True,732.3416010978427,732.3416010978427,0.0,0.11125525005627424,90,6,11,5,23
dense_frontier,30,0,1,0,scip,optimal,True,732.3416010978427,732.3416010978427,0.0,0.07153316691983491,1,0,0,0,0
dense_frontier,30,0,1,1,envelope,optimal,True,732.3416010978427,732.3416010978427,0.0,0.11851458298042417,90,6,11,5,23
dense_frontier,30,0,1,2,clique,optimal,True,732.3416010978427,732.3416010978427,0.0,0.11137158307246864,90,6,11,5,23
dense_frontier,30,0,1,3,enumeration,optimal,True,732.3416010978427,732.3416010978427,0.0,0.11228858295362443,90,3,0,0,23
dense_frontier,30,1,0,0,scip,optimal,True,731.600839350222,731.600839350222,0.0,0.033194624935276806,1,0,0,0,0
dense_frontier,30,1,0,1,envelope,optimal,True,731.600839350222,731.600839350222,0.0,0.10476716596167535,60,5,11,5,24
dense_frontier,30,1,0,2,clique,optimal,True,731.600839350222,731.600839350222,0.0,0.10060891590546817,60,5,11,5,24
dense_frontier,30,1,0,3,enumeration,optimal,True,731.600839350222,731.600839350222,0.0,0.10008429200388491,60,2,0,0,24
dense_frontier,30,1,1,0,envelope,optimal,True,731.600839350222,731.600839350222,0.0,0.10452566691674292,60,5,11,5,24
dense_frontier,30,1,1,1,clique,optimal,True,731.600839350222,731.600839350222,0.0,0.10003070894163102,60,5,11,5,24
dense_frontier,30,1,1,2,enumeration,optimal,True,731.600839350222,731.600839350222,0.0,0.0995912499492988,60,2,0,0,24
dense_frontier,30,1,1,3,scip,optimal,True,731.600839350222,731.600839350222,0.0,0.03305058309342712,1,0,0,0,0
dense_frontier,30,2,0,0,envelope,optimal,True,729.9722532955037,729.9722532955037,0.0,0.17758633405901492,177,8,19,9,21
dense_frontier,30,2,0,1,clique,optimal,True,729.9722532955037,729.9722532955037,0.0,0.1670247499132529,177,8,19,9,21
dense_frontier,30,2,0,2,enumeration,optimal,True,729.9722532955037,729.9722532955037,0.0,0.14508720894809812,177,4,0,0,21
dense_frontier,30,2,0,3,scip,optimal,True,729.9722532955037,729.9722532955037,0.0,0.3010217079427093,0,0,0,0,0
dense_frontier,30,2,1,0,clique,optimal,True,729.9722532955037,729.9722532955037,0.0,0.1664724169531837,177,8,19,9,21
dense_frontier,30,2,1,1,enumeration,optimal,True,729.9722532955037,729.9722532955037,0.0,0.14578120899386704,177,4,0,0,21
dense_frontier,30,2,1,2,scip,optimal,True,729.9722532955037,729.9722532955037,0.0,0.30461537500377744,0,0,0,0,0
dense_frontier,30,2,1,3,envelope,optimal,True,729.9722532955037,729.9722532955037,0.0,0.1764526249608025,177,8,19,9,21
correlated_risk,30,0,0,0,enumeration,optimal,True,625.3359259271575,625.3359259271575,0.0,1.3819427080452442,6130,1,0,0,20
correlated_risk,30,0,0,1,scip,timelimit,False,624.8368302197953,625.8668383214726,0.001648443324499325,5.003247625078075,2480,0,0,0,0
correlated_risk,30,0,0,2,envelope,optimal,True,625.3359259271575,625.3359259271575,0.0,3.352081875083968,15250,4,16,8,20
correlated_risk,30,0,0,3,clique,optimal,True,625.3359259271575,625.3359259271575,0.0,3.337198415887542,15250,4,16,8,20
correlated_risk,30,0,1,0,scip,timelimit,False,624.8368302197953,625.8668383214726,0.001648443324499325,5.00310841598548,2522,0,0,0,0
correlated_risk,30,0,1,1,envelope,optimal,True,625.3359259271575,625.3359259271575,0.0,3.378401792026125,15250,4,16,8,20
correlated_risk,30,0,1,2,clique,optimal,True,625.3359259271575,625.3359259271575,0.0,3.329515999997966,15250,4,16,8,20
correlated_risk,30,0,1,3,enumeration,optimal,True,625.3359259271575,625.3359259271575,0.0,1.398191292071715,6130,1,0,0,20
correlated_risk,30,1,0,0,scip,optimal,True,631.8331448419336,631.8331448419337,0.0,1.2685462079243734,75,0,0,0,0
correlated_risk,30,1,0,1,envelope,optimal,True,631.8331448419336,631.8331448419336,0.0,0.31666749995201826,1170,4,9,4,15
correlated_risk,30,1,0,2,clique,optimal,True,631.8331448419336,631.8331448419336,0.0,0.31815812492277473,1170,4,11,5,15
correlated_risk,30,1,0,3,enumeration,optimal,True,631.8331448419336,631.8331448419336,0.0,0.08698908402584493,166,1,0,0,15
correlated_risk,30,1,1,0,envelope,optimal,True,631.8331448419336,631.8331448419336,0.0,0.3180357499513775,1170,4,9,4,15
correlated_risk,30,1,1,1,clique,optimal,True,631.8331448419336,631.8331448419336,0.0,0.31832424993626773,1170,4,11,5,15
correlated_risk,30,1,1,2,enumeration,optimal,True,631.8331448419336,631.8331448419336,0.0,0.08693358302116394,166,1,0,0,15
correlated_risk,30,1,1,3,scip,optimal,True,631.8331448419336,631.8331448419337,0.0,1.2624695419799536,75,0,0,0,0
correlated_risk,30,2,0,0,envelope,optimal,True,629.6610215931211,629.6610215931211,0.0,0.49850574997253716,2001,3,8,4,17
correlated_risk,30,2,0,1,clique,optimal,True,629.6610215931211,629.6610215931211,0.0,0.4780972079606727,2001,3,8,4,17
correlated_risk,30,2,0,2,enumeration,optimal,True,629.6610215931211,629.6610215931211,0.0,0.4786802080925554,2001,1,0,0,17
correlated_risk,30,2,0,3,scip,optimal,True,629.6610215931211,629.6610215931211,0.0,2.4924005839275196,1334,0,0,0,0
correlated_risk,30,2,1,0,clique,optimal,True,629.6610215931211,629.6610215931211,0.0,0.48120891698636115,2001,3,8,4,17
correlated_risk,30,2,1,1,enumeration,optimal,True,629.6610215931211,629.6610215931211,0.0,0.48080991697497666,2001,1,0,0,17
correlated_risk,30,2,1,2,scip,optimal,True,629.6610215931211,629.6610215931211,0.0,2.480262540979311,1334,0,0,0,0
correlated_risk,30,2,1,3,envelope,optimal,True,629.6610215931211,629.6610215931211,0.0,0.48550175002310425,2001,3,8,4,17
near_tie,30,0,0,0,enumeration,optimal,True,528.7264751809771,528.7264751809771,0.0,0.1114740000339225,138,3,0,0,20
near_tie,30,0,0,1,scip,optimal,True,528.7264751809771,528.7264751809771,0.0,3.119670041021891,27,0,0,0,0
near_tie,30,0,0,2,envelope,optimal,True,528.7264751809771,528.7264751809771,0.0,0.15026566700544208,138,8,22,11,20
near_tie,30,0,0,3,clique,optimal,True,528.7264751809771,528.7264751809771,0.0,0.1373438750160858,138,8,22,11,20
near_tie,30,0,1,0,scip,optimal,True,528.7264751809771,528.7264751809771,0.0,3.1164401250425726,27,0,0,0,0
near_tie,30,0,1,1,envelope,optimal,True,528.7264751809771,528.7264751809771,0.0,0.1500067499000579,138,8,22,11,20
near_tie,30,0,1,2,clique,optimal,True,528.7264751809771,528.7264751809771,0.0,0.13629054196644574,138,8,22,11,20
near_tie,30,0,1,3,enumeration,optimal,True,528.7264751809771,528.7264751809771,0.0,0.11168720899149776,138,3,0,0,20
near_tie,30,1,0,0,scip,optimal,True,526.740624444015,526.740624444015,0.0,2.0725439169909805,806,0,0,0,0
near_tie,30,1,0,1,envelope,optimal,True,526.740624444015,526.740624444015,0.0,0.22991808294318616,619,6,18,9,22
near_tie,30,1,0,2,clique,optimal,True,526.740624444015,526.740624444015,0.0,0.22032866708468646,619,6,18,9,22
near_tie,30,1,0,3,enumeration,optimal,True,526.740624444015,526.740624444015,0.0,0.14153191703371704,305,1,0,0,22
near_tie,30,1,1,0,envelope,optimal,True,526.740624444015,526.740624444015,0.0,0.2285430000629276,619,6,18,9,22
near_tie,30,1,1,1,clique,optimal,True,526.740624444015,526.740624444015,0.0,0.2202825000276789,619,6,18,9,22
near_tie,30,1,1,2,enumeration,optimal,True,526.740624444015,526.740624444015,0.0,0.14364366605877876,305,1,0,0,22
near_tie,30,1,1,3,scip,optimal,True,526.740624444015,526.740624444015,0.0,2.0881808750564232,806,0,0,0,0
near_tie,30,2,0,0,envelope,optimal,True,528.66922455503,528.66922455503,0.0,0.3296390000032261,1233,6,18,9,22
near_tie,30,2,0,1,clique,optimal,True,528.66922455503,528.66922455503,0.0,0.3193936670431867,1233,6,18,9,22
near_tie,30,2,0,2,enumeration,optimal,True,528.66922455503,528.66922455503,0.0,0.11743883299641311,216,2,0,0,22
near_tie,30,2,0,3,scip,optimal,True,528.66922455503,528.66922455503,0.0,2.0144152500433847,269,0,0,0,0
near_tie,30,2,1,0,clique,optimal,True,528.66922455503,528.66922455503,0.0,0.31946862500626594,1233,6,18,9,22
near_tie,30,2,1,1,enumeration,optimal,True,528.66922455503,528.66922455503,0.0,0.11845716601237655,216,2,0,0,22
near_tie,30,2,1,2,scip,optimal,True,528.66922455503,528.66922455503,0.0,2.01818604208529,269,0,0,0,0
near_tie,30,2,1,3,envelope,optimal,True,528.66922455503,528.66922455503,0.0,0.330178416101262,1233,6,18,9,22
many_breakpoints,30,0,0,0,enumeration,optimal,True,714.2396605336495,714.2396605336496,0.0,1.046131958020851,1952,31,0,0,120
many_breakpoints,30,0,0,1,scip,optimal,True,714.2396605336496,714.2396605336495,0.0,0.009428707999177277,1,0,0,0,0
many_breakpoints,30,0,0,2,envelope,optimal,True,714.2396605336495,714.2396605336495,0.0,1.068142208037898,1952,34,73,36,120
many_breakpoints,30,0,0,3,clique,optimal,True,714.2396605336495,714.2396605336495,0.0,1.018849749932997,1952,34,73,36,120
many_breakpoints,30,0,1,0,scip,optimal,True,714.2396605336496,714.2396605336495,0.0,0.009483458008617163,1,0,0,0,0
many_breakpoints,30,0,1,1,envelope,optimal,True,714.2396605336495,714.2396605336495,0.0,1.0639667910290882,1952,34,73,36,120
many_breakpoints,30,0,1,2,clique,optimal,True,714.2396605336495,714.2396605336495,0.0,1.0125056670513004,1952,34,73,36,120
many_breakpoints,30,0,1,3,enumeration,optimal,True,714.2396605336495,714.2396605336496,0.0,1.0491366250207648,1952,31,0,0,120
many_breakpoints,30,1,0,0,scip,optimal,True,711.1729335234375,711.1729335234376,0.0,0.008224458084441721,1,0,0,0,0
many_breakpoints,30,1,0,1,envelope,optimal,True,711.1729335234375,711.1729335234375,0.0,1.0931039999704808,1470,49,103,51,105
many_breakpoints,30,1,0,2,clique,optimal,True,711.1729335234375,711.1729335234375,0.0,1.0266930839279667,1470,49,103,51,105
many_breakpoints,30,1,0,3,enumeration,optimal,True,711.1729335234375,711.1729335234375,0.0,0.9817819589516148,1470,12,0,0,105
many_breakpoints,30,1,1,0,envelope,optimal,True,711.1729335234375,711.1729335234375,0.0,1.088102792040445,1470,49,103,51,105
many_breakpoints,30,1,1,1,clique,optimal,True,711.1729335234375,711.1729335234375,0.0,1.027955290977843,1470,49,103,51,105
many_breakpoints,30,1,1,2,enumeration,optimal,True,711.1729335234375,711.1729335234375,0.0,0.9762333749094978,1470,12,0,0,105
many_breakpoints,30,1,1,3,scip,optimal,True,711.1729335234375,711.1729335234376,0.0,0.008110124967060983,1,0,0,0,0
many_breakpoints,30,2,0,0,envelope,time_limit,False,707.3475634685924,713.2673186633164,0.008368948308375434,5.005519541911781,24328,2,1,0,0
many_breakpoints,30,2,0,1,clique,time_limit,False,707.3475634685924,713.2673186632996,0.008368948308351809,5.006061124964617,24344,2,1,0,0
many_breakpoints,30,2,0,2,enumeration,optimal,True,712.9574507822524,712.9574507822524,0.0,1.052625291980803,1724,12,0,0,105
many_breakpoints,30,2,0,3,scip,optimal,True,712.9574507822524,712.9574507822524,0.0,0.06537379196379334,64,0,0,0,0
many_breakpoints,30,2,1,0,clique,time_limit,False,707.3475634685924,713.2673186632996,0.008368948308351809,5.005562416044995,23671,2,1,0,0
many_breakpoints,30,2,1,1,enumeration,optimal,True,712.9574507822524,712.9574507822524,0.0,1.0424724579788744,1724,12,0,0,105
many_breakpoints,30,2,1,2,scip,optimal,True,712.9574507822524,712.9574507822524,0.0,0.06816049991175532,64,0,0,0,0
many_breakpoints,30,2,1,3,envelope,time_limit,False,707.3475634685924,713.2673186633164,0.008368948308375434,5.005205417051911,23773,2,1,0,0
